index,n_genes,n_counts,percent_mito,percent_ribo,DTR,eGFP,DTReGFP,sample_id,index,cytotrace,stemness_index,iter_cluster_id_with_paneth
AAACCCAAGCGATGCA-1,6148,40910.0,0.0170374,0.051258862,0.0,0.0,0.0,Rad,AAACCCAAGCGATGCA-1,0.0253142758739452,0.1004197509108482,stem-1
AAACGCTGTTCTATCT-1,7361,62949.0,0.07512431,0.22016235,0.0,0.0,0.0,Rad,AAACGCTGTTCTATCT-1,0.3903909075254004,0.6087325522383671,stem-1
AAACGCTTCCTAGCGG-1,1869,6011.0,0.012144402,0.025286974,0.0,0.0,0.0,Rad,AAACGCTTCCTAGCGG-1,0.0256586877905975,0.2848290763386999,stem-1
AAAGAACCAACAGCCC-1,4513,44085.0,0.012453215,0.03041851,0.0,0.0,0.0,Rad,AAAGAACCAACAGCCC-1,0.0319729062625566,0.2219790826887327,stem-1
AAAGAACGTATGAGGC-1,6060,38904.0,0.09140448,0.06703681,0.22876212,0.22876212,0.22876212,Rad,AAAGAACGTATGAGGC-1,0.0233626083462487,0.2315427110369802,stem-1
AAAGGGCAGCTGACAG-1,4275,18479.0,0.031657558,0.08274257,0.0,0.0,0.0,Rad,AAAGGGCAGCTGACAG-1,0.0115377992078525,0.1993103212384206,secretory-2
AAAGGGCCAGTGAGCA-1,5601,74830.0,0.012922625,0.09559,0.0,0.0,0.0,Rad,AAAGGGCCAGTGAGCA-1,0.0387463406233855,0.3031714231118124,z_paneth
AAAGGGCGTGTGTTTG-1,5607,31052.0,0.020449568,0.063667394,0.0,0.0,0.0,Rad,AAAGGGCGTGTGTTTG-1,0.0140634865966362,0.2042066077247546,stem-1
AAAGGGCTCAGTGTTG-1,5835,43125.0,0.039884057,0.2454029,0.0,0.0,0.0,Rad,AAAGGGCTCAGTGTTG-1,0.4773549164801102,0.4363159647038496,stem-1
AAAGGTACAGGCACAA-1,3054,16137.0,0.036128152,0.23151763,0.0,0.0,0.0,Rad,AAAGGTACAGGCACAA-1,0.1460880546466907,0.41319501538718,stem-2
AAAGTCCAGACGTCGA-1,1786,3074.0,0.03708523,0.050422903,0.0,0.0,0.0,Rad,AAAGTCCAGACGTCGA-1,0.00022960794443487744,0.2672244209264957,secretory-2
AAATGGACAACACGTT-1,5353,22580.0,0.028786536,0.10491586,0.0,0.0,0.0,Rad,AAATGGACAACACGTT-1,0.0187704494575512,0.1701131563354281,secretory-2
AAATGGACACGAAGAC-1,2967,7484.0,0.007215393,0.10448958,0.0,0.0,0.0,Rad,AAATGGACACGAAGAC-1,0.1192813271339188,0.3521140750948474,stem-1
AACAACCCATGTCAGT-1,4781,22938.0,0.021100357,0.093512945,0.0,0.0,0.0,Rad,AACAACCCATGTCAGT-1,0.0179668216520291,0.2511550780647716,secretory-2
AACAAGAAGCATTGAA-1,5988,25649.0,0.03980662,0.066513315,0.0,0.0,0.0,Rad,AACAAGAAGCATTGAA-1,0.1354686872165777,0.2917826578366353,stem-2
AACAAGATCAAACTGC-1,5565,26542.0,0.026561676,0.09603647,0.0,0.0,0.0,Rad,AACAAGATCAAACTGC-1,0.0212387348602261,0.2492297311110822,secretory-2
AACAGGGAGCTCACTA-1,5563,27476.0,0.027624108,0.0941549,0.0,0.0,0.0,Rad,AACAGGGAGCTCACTA-1,0.0227311864990528,0.2420162912583127,secretory-2
AACCATGTCCATCTCG-1,5457,19800.0,0.013131313,0.054343436,0.0,0.0,0.0,Rad,AACCATGTCCATCTCG-1,0.010217553527352,0.2352271781808797,secretory-2
AACGAAAGTATCGAAA-1,6773,66394.0,0.022261048,0.30091575,0.0,0.0,0.0,Rad,AACGAAAGTATCGAAA-1,0.9145858446702256,0.6365039126680339,stem-2
AACTTCTAGACCAAAT-1,1839,13852.0,0.029382039,0.052772164,0.0,0.0,0.0,Rad,AACTTCTAGACCAAAT-1,0.030882268526491,0.2706960289971959,stem-1
AAGACAAAGCAGTCTT-1,2699,9906.0,0.079043,0.033414092,0.0,0.0,0.0,Rad,AAGACAAAGCAGTCTT-1,0.0118822111245049,0.2148542060803428,secretory-2
AAGACAATCTGCCTCA-1,2239,10645.0,0.0008454674,0.02517614,0.0,0.0,0.0,Rad,AAGACAATCTGCCTCA-1,0.1250789277308995,0.3285772524671932,absorbitive-2
AAGATAGGTCAAACGG-1,6984,76493.0,0.06396664,0.28929445,0.0,0.0,0.0,Rad,AAGATAGGTCAAACGG-1,0.9020722116985248,0.6768107404631318,stem-2
AAGCCATGTTCCCACT-1,5583,27777.0,0.021312596,0.10148684,0.0,0.0,0.0,Rad,AAGCCATGTTCCCACT-1,0.0211239308880087,0.2520953991724223,secretory-2
AAGCGTTAGTAGAGTT-1,6143,52258.0,0.02709633,0.2892954,0.0,0.0,0.0,Rad,AAGCGTTAGTAGAGTT-1,0.9249756041559036,0.709484282440126,stem-2
AAGCGTTCACACCTAA-1,5538,31601.0,0.026138414,0.109268695,0.0,0.0,0.0,Rad,AAGCGTTCACACCTAA-1,0.0190574593880948,0.2808915527020774,secretory-2
AAGCGTTGTGCAAGAC-1,6909,71127.0,0.042642035,0.317854,0.0,0.0,0.0,Rad,AAGCGTTGTGCAAGAC-1,0.9031628494345904,0.7303456552899897,stem-2
AAGGAATAGGGTGGGA-1,5726,35246.0,0.025619928,0.067724,0.0,0.0,0.0,Rad,AAGGAATAGGGTGGGA-1,0.012054417082831,0.1646321965934742,stem-1
AAGGAATCACGGATCC-1,5395,31781.0,0.021050313,0.07749914,0.0,0.0,0.0,Rad,AAGGAATCACGGATCC-1,0.0160151541243327,0.2123670990636999,stem-1
AAGGTAAAGTAGGCCA-1,6063,59748.0,0.048738033,0.3288813,0.0,0.0,0.0,Rad,AAGGTAAAGTAGGCCA-1,0.9119453533092244,0.6510970163482891,stem-2
AAGTACCCACAAATGA-1,5735,48047.0,0.03022041,0.2848669,0.0,0.0,0.0,Rad,AAGTACCCACAAATGA-1,0.929452959072384,0.6892940481512535,stem-2
AAGTACCTCGATTGAC-1,2529,7530.0,0.098937586,0.115405045,0.0,0.0,0.0,Rad,AAGTACCTCGATTGAC-1,0.1243901038975948,0.3399686217837887,stem-2
AAGTCGTTCTGAGGTT-1,1514,7319.0,0.038529854,0.00396229,0.0,0.0,0.0,Rad,AAGTCGTTCTGAGGTT-1,0.0284713851099248,0.2384980355537305,absorbitive-1
AAGTGAAAGGTTGACG-1,5220,18811.0,0.016639201,0.09430652,0.0,0.0,0.0,Rad,AAGTGAAAGGTTGACG-1,0.0124562309855921,0.2475342952886886,secretory-2
AATAGAGGTCCTGAAT-1,6218,50931.0,0.035891697,0.27386072,0.0,0.0,0.0,Rad,AATAGAGGTCCTGAAT-1,0.5632282876987543,0.8745711920928309,stem-2
AATCGTGTCTCCAAGA-1,5375,25359.0,0.09420718,0.18589061,0.0,0.0,0.0,Rad,AATCGTGTCTCCAAGA-1,0.1991274898111474,0.6486842236249158,stem-2
AATGACCTCTAGTTCT-1,2168,12828.0,0.019176802,0.13486125,0.0,0.0,0.0,Rad,AATGACCTCTAGTTCT-1,0.0370816830262327,0.3509511642815026,z_paneth
AATGCCAAGAGCTTTC-1,5570,22691.0,0.023753911,0.08263188,0.0,0.0,0.0,Rad,AATGCCAAGAGCTTTC-1,0.0117674071522874,0.2099770495017786,secretory-2
AATGCCAAGCATCAGG-1,5039,28754.0,0.043437436,0.06830354,0.2984571,0.2984571,0.2984571,Rad,AATGCCAAGCATCAGG-1,0.1386831984386659,0.1825622548382092,stem-1
AATGCCAGTGGTCCGT-1,6273,57335.0,0.0422604,0.2610273,0.1607689,0.1607689,0.1607689,Rad,AATGCCAGTGGTCCGT-1,0.8768153378106882,0.7617144243341939,stem-2
AATGGAAAGGAACTAT-1,1885,13702.0,0.012333966,0.023354255,0.0,0.0,0.0,Rad,AATGGAAAGGAACTAT-1,0.0304804546237299,0.1950043689930234,stem-1
AATTCCTTCGACATTG-1,7328,86324.0,0.022172282,0.25215468,0.0,0.0,0.0,Rad,AATTCCTTCGACATTG-1,0.8226278629240572,0.8377476442195021,stem-2
ACAAAGATCAACTTTC-1,4727,55505.0,0.00019818035,0.020772904,0.0,0.0,0.0,Rad,ACAAAGATCAACTTTC-1,0.1303599104529016,0.3018386637883521,absorbitive-2
ACAAGCTTCTTAGCCC-1,5588,24732.0,0.027939511,0.09639334,0.0,0.0,0.0,Rad,ACAAGCTTCTTAGCCC-1,0.0185408415131163,0.2835898683189259,secretory-2
ACACCAAAGGTAAACT-1,2902,24665.0,0.07135617,0.3654166,0.0,0.0,0.0,Rad,ACACCAAAGGTAAACT-1,0.184891797256185,0.3448438191250252,stem-2
ACACGCGAGTCCCTAA-1,4144,20312.0,0.089159116,0.022942103,0.0,0.0,0.0,Rad,ACACGCGAGTCCCTAA-1,0.1305895183973365,0.2312066867414974,absorbitive-2
ACACGCGTCACACCCT-1,6119,36139.0,0.020863887,0.08262542,0.0,0.0,0.0,Rad,ACACGCGTCACACCCT-1,0.0126284369439182,0.186374269778558,secretory-2
ACACGCGTCCGAACGC-1,5820,56585.0,0.031227358,0.28772643,0.0,0.0,0.0,Rad,ACACGCGTCCGAACGC-1,0.301475231042994,0.6136657257699177,stem-2
ACACTGAGTTTACGAC-1,2532,12286.0,0.00056975416,0.01579033,0.0,0.0,0.0,Rad,ACACTGAGTTTACGAC-1,0.121692210550485,0.2448241140572158,absorbitive-2
ACATCCCAGCTTCATG-1,4477,39006.0,0.005383787,0.06399015,0.0,0.0,0.0,Rad,ACATCCCAGCTTCATG-1,0.0403535962344297,0.3650127912352262,z_paneth
ACATCGACACCGTCGA-1,7203,91012.0,0.023821035,0.27678767,0.0,0.0,0.0,Rad,ACATCGACACCGTCGA-1,0.6938752080821996,0.9568072861432664,stem-1
ACATCGAGTTATAGAG-1,5940,54925.0,0.046117432,0.27848884,0.0,0.0,0.0,Rad,ACATCGAGTTATAGAG-1,0.4249469031628494,0.3962166093777581,stem-2
ACATGCAAGGCCCAAA-1,5325,36621.0,0.022364218,0.26482072,0.0,0.0,0.0,Rad,ACATGCAAGGCCCAAA-1,0.1546983525629987,0.3317630769906413,absorbitive-1
ACCAACATCTGGCCTT-1,6509,48524.0,0.09533427,0.20744374,0.97405714,0.97405714,0.97405714,Rad,ACCAACATCTGGCCTT-1,0.3510131450548189,0.6905308483611292,stem-1
ACCTGTCCAGACACAG-1,3577,40452.0,0.007564521,0.016711164,0.0,0.0,0.0,Rad,ACCTGTCCAGACACAG-1,0.0299064347626427,0.161641930849474,stem-1
ACGATCATCAGGTAAA-1,1649,3223.0,0.020477816,0.08004964,0.0,0.0,0.0,Rad,ACGATCATCAGGTAAA-1,0.03271913208197,0.2793784414437981,secretory-3
ACGATGTTCCTACACC-1,5417,34152.0,0.019823143,0.1161279,0.0,0.0,0.0,Rad,ACGATGTTCCTACACC-1,0.0165317719993111,0.285983933516879,secretory-2
ACGGTCGGTCTTCATT-1,4842,39803.0,0.0135165695,0.093736656,0.0,0.0,0.0,Rad,ACGGTCGGTCTTCATT-1,0.0347856035818839,0.3180248807610993,z_paneth
ACGTACAGTACATTGC-1,5670,32835.0,0.019704584,0.075315975,0.0,0.0,0.0,Rad,ACGTACAGTACATTGC-1,0.0109063773606566,0.2095504512303381,secretory-2
ACGTAGTCAGTCTGGC-1,5218,23504.0,0.025272295,0.10674779,0.0,0.0,0.0,Rad,ACGTAGTCAGTCTGGC-1,0.0194592732908558,0.2765250025646934,secretory-2
ACGTTCCGTGACAACG-1,5187,19140.0,0.018234065,0.08861024,0.0,0.0,0.0,Rad,ACGTTCCGTGACAACG-1,0.0122840250272659,0.2252277117029275,secretory-2
ACTATTCCAGCTACCG-1,3681,41486.0,0.010027479,0.014342188,0.0,0.0,0.0,Rad,ACTATTCCAGCTACCG-1,0.029447218873773,0.0686226732813847,secretory-1
ACTATTCTCGCTCTCA-1,6349,32210.0,0.042129774,0.1378454,0.6582388,0.6582388,0.6582388,Rad,ACTATTCTCGCTCTCA-1,0.166695367659721,0.3590842617798624,stem-1
ACTATTCTCTATCGTT-1,2870,20707.0,0.087216884,0.23455836,0.0,0.0,0.0,Rad,ACTATTCTCTATCGTT-1,0.158716491590609,0.3369486344474292,stem-2
ACTATTCTCTGCCCTA-1,1998,12233.0,0.016676204,0.086160384,0.0,0.0,0.0,Rad,ACTATTCTCTGCCCTA-1,0.0385167326789506,0.2918280497271348,z_paneth
ACTCCCAAGATCCTAC-1,6491,72437.0,0.03746704,0.3045267,0.0,0.0,0.0,Rad,ACTCCCAAGATCCTAC-1,0.2689857069054589,0.6291636550239309,stem-2
ACTGTCCTCCATACTT-1,5496,36848.0,0.094034955,0.18413483,0.0,0.0,0.0,Rad,ACTGTCCTCCATACTT-1,0.1944205269502325,0.4434048839151902,stem-2
ACTTATCCATGTACGT-1,6600,58290.0,0.037656546,0.26628923,0.0,0.0,0.0,Rad,ACTTATCCATGTACGT-1,0.3462487802077952,0.5845171170171435,stem-1
ACTTCCGTCACCTGTC-1,5400,32745.0,0.023423424,0.08389067,0.0,0.0,0.0,Rad,ACTTCCGTCACCTGTC-1,0.0094139257218299,0.1768721944631735,secretory-2
AGAACAATCTTTCCGG-1,4154,35432.0,0.01092233,0.025570106,0.0,0.0,0.0,Rad,AGAACAATCTTTCCGG-1,0.0336375638597095,0.1862505448652838,stem-1
AGAACCTTCATCAGTG-1,2249,5498.0,0.029101491,0.22517279,0.0,0.0,0.0,Rad,AGAACCTTCATCAGTG-1,0.1183628953561793,0.4875874160793951,stem-1
AGAACCTTCCGTATGA-1,3663,39200.0,0.00502551,0.018494898,0.0,0.0,0.0,Rad,AGAACCTTCCGTATGA-1,0.028413983123816,0.2123060213954252,stem-1
AGAAGCGGTTCGGCCA-1,3801,29109.0,0.07018448,0.005118692,0.0,0.0,0.0,Rad,AGAAGCGGTTCGGCCA-1,0.0607887032891338,0.0503626448551499,absorbitive-2
AGACAAACAAAGAACT-1,6014,44304.0,0.06773655,0.24729145,0.0,0.0,0.0,Rad,AGACAAACAAAGAACT-1,0.7392227771080879,0.5369505602013761,stem-2
AGACAAAGTTCCGCGA-1,6768,62535.0,0.036491565,0.24856481,0.39186057,0.39186057,0.39186057,Rad,AGACAAAGTTCCGCGA-1,0.8408242925205212,0.7804240163446257,stem-2
AGACAGGAGAGCAACC-1,5784,30275.0,0.023649877,0.09066887,0.0,0.0,0.0,Rad,AGACAGGAGAGCAACC-1,0.0187130474714425,0.2326408439975643,secretory-2
AGACAGGCAATACCTG-1,6809,78132.0,0.034121744,0.3305688,0.0,0.0,0.0,Rad,AGACAGGCAATACCTG-1,0.9989093622639345,0.5429073547213655,stem-2
AGACAGGTCGCCGTGA-1,6454,62058.0,0.038544588,0.26199684,0.0,0.0,0.0,Rad,AGACAGGTCGCCGTGA-1,0.9555134607657424,0.7360307304878105,stem-2
AGACCATGTCAACCTA-1,6431,91455.0,0.06571538,0.01398502,0.0,0.0,0.0,Rad,AGACCATGTCAACCTA-1,0.1231846621893117,0.1144635511863452,absorbitive-2
AGACCCGTCTGCATGA-1,4998,26783.0,0.028040174,0.0637718,0.0,0.0,0.0,Rad,AGACCCGTCTGCATGA-1,0.0145227024855059,0.1481964500313739,stem-1
AGACTCAGTCAGGTAG-1,2241,9138.0,0.0010943314,0.029765813,0.0,0.0,0.0,Rad,AGACTCAGTCAGGTAG-1,0.1225532403421158,0.2777300877120636,absorbitive-2
AGAGAATGTCCTACAA-1,6738,75683.0,0.027628398,0.27271646,0.12410088,0.12410088,0.12410088,Rad,AGAGAATGTCCTACAA-1,0.7050111933872912,1.0,stem-2
AGAGAGCCAGACCAAG-1,6746,58896.0,0.051073078,0.2768609,0.0,0.0,0.0,Rad,AGAGAGCCAGACCAAG-1,0.9664198381263992,0.8597880302547929,stem-1
AGAGCAGTCAATCTTC-1,3564,10872.0,0.016372332,0.067880794,0.0,0.0,0.0,Rad,AGAGCAGTCAATCTTC-1,0.0060272085414155,0.2302294239676519,stem-1
AGAGCCCCACTTGGCG-1,6775,60347.0,0.04339901,0.29520938,0.0,0.0,0.0,Rad,AGAGCCCCACTTGGCG-1,0.9977039205556512,0.436134682725352,stem-2
AGATAGAGTGGGTTGA-1,6240,62443.0,0.042342618,0.31190047,0.0,0.0,0.0,Rad,AGATAGAGTGGGTTGA-1,0.9999425980138912,0.684582208038863,stem-2
AGATAGATCATGAGAA-1,3374,34013.0,0.011407403,0.017728515,0.0,0.0,0.0,Rad,AGATAGATCATGAGAA-1,0.0309396705125997,0.0915402692213702,stem-1
AGATCCAGTGTGAGCA-1,4991,18626.0,0.015140126,0.08676044,0.0,0.0,0.0,Rad,AGATCCAGTGTGAGCA-1,0.0099305435968084,0.2369077276892399,secretory-2
AGATGAATCTGGTGCG-1,2263,16222.0,0.011527555,0.0057946,0.0,0.0,0.0,Rad,AGATGAATCTGGTGCG-1,0.0269215314849893,0.1308088463276541,stem-1
AGCCACGAGCACTTTG-1,3121,32159.0,0.008053733,0.012966821,0.0,0.0,0.0,Rad,AGCCACGAGCACTTTG-1,0.0278973652488376,0.13298794016331,stem-1
AGCGCCACAAATCGTC-1,1990,5529.0,0.026225356,0.28377646,0.0,0.0,0.0,Rad,AGCGCCACAAATCGTC-1,0.1327707938694678,0.3249777585871938,stem-2
AGCGCCAGTAACAGTA-1,6172,52455.0,0.041101895,0.27307215,0.0,0.0,0.0,Rad,AGCGCCAGTAACAGTA-1,0.8974800528098272,0.8484851761560518,stem-2
AGCTCAACAATGACCT-1,3795,38468.0,0.012295934,0.025319746,0.0,0.0,0.0,Rad,AGCTCAACAATGACCT-1,0.0313988864014694,0.12640369894899,z_paneth
AGGACGAGTCTCGCGA-1,6222,55170.0,0.032282036,0.26505348,0.0,0.0,0.0,Rad,AGGACGAGTCTCGCGA-1,0.1573388439239997,0.3326260191103257,stem-2
AGGCATTCACAGTGTT-1,6588,61072.0,0.03919963,0.25684437,0.0,0.0,0.0,Rad,AGGCATTCACAGTGTT-1,0.3985419895528385,0.3821466629786243,stem-1
AGGCTGCGTCGTATGT-1,2730,33635.0,0.005975918,0.009305783,0.0,0.0,0.0,Rad,AGGCTGCGTCGTATGT-1,0.0280695712071637,0.1704951749928735,stem-1
AGGGCCTAGTAGATCA-1,2705,14568.0,0.0004118616,0.021004943,0.0,0.0,0.0,Rad,AGGGCCTAGTAGATCA-1,0.1175592675506572,0.2422159142344928,absorbitive-2
AGGGCTCCACGCAGTC-1,6733,74532.0,0.032200933,0.33722427,0.0,0.0,0.0,Rad,AGGGCTCCACGCAGTC-1,0.8789966132828196,0.6392561084992197,stem-2
AGGTTACGTTAAGACA-1,5943,41562.0,0.04872239,0.28369665,0.0,0.0,0.0,Rad,AGGTTACGTTAAGACA-1,0.950289880029849,0.8361594592008748,stem-2
AGGTTGTTCTTACTGT-1,7110,80126.0,0.0319996,0.24732296,0.0,0.0,0.0,Rad,AGGTTGTTCTTACTGT-1,0.9962114689168244,0.4994221700594535,stem-2
AGTAACCCAGCACACC-1,3243,16936.0,0.02314596,0.2346481,0.0,0.0,0.0,Rad,AGTAACCCAGCACACC-1,0.2168647035187417,0.4681668335887608,stem-2
AGTACCAAGACAGCTG-1,6252,32228.0,0.053617973,0.20367382,0.0,0.0,0.0,Rad,AGTACCAAGACAGCTG-1,0.0620515469835256,0.3735833777871732,stem-1
AGTACTGTCTCCACTG-1,7280,83604.0,0.037306827,0.22385293,0.11298175,0.11298175,0.11298175,Rad,AGTACTGTCTCCACTG-1,0.6178749784742552,0.6991197699251475,stem-2
AGTAGCTAGCGACCCT-1,6869,65772.0,0.05181536,0.2642766,0.0,0.0,0.0,Rad,AGTAGCTAGCGACCCT-1,0.966018024223638,0.5110033211724417,stem-2
AGTCAACAGACATCCT-1,1717,7165.0,0.032240056,0.010467551,0.0,0.0,0.0,Rad,AGTCAACAGACATCCT-1,0.0864473910797313,0.0830971550949751,absorbitive-2
AGTCACAAGAACAAGG-1,6512,76591.0,0.024219556,0.34552363,0.0,0.0,0.0,Rad,AGTCACAAGAACAAGG-1,0.6303312094598473,0.6018837016801986,stem-2
AGTCTCCCACACCAGC-1,4157,34936.0,0.000744218,0.027736433,0.0,0.0,0.0,Rad,AGTCTCCCACACCAGC-1,0.131909764077837,0.3313537246669641,absorbitive-2
AGTGACTGTCTAATCG-1,1878,5278.0,0.0060629025,0.3033346,0.0,0.0,0.0,Rad,AGTGACTGTCTAATCG-1,0.1290970667585098,0.2862575813717447,stem-1
ATACCGACACACTTAG-1,1939,8022.0,0.0013712291,0.016454749,0.0,0.0,0.0,Rad,ATACCGACACACTTAG-1,0.123529074105964,0.2770710115342847,absorbitive-2
ATACCGACATGACGAG-1,7033,80231.0,0.024878165,0.34479192,0.117463075,0.117463075,0.117463075,Rad,ATACCGACATGACGAG-1,1.0,0.8095034891691807,stem-2
ATACCTTGTGTAAATG-1,6717,76872.0,0.022569986,0.29160163,0.0,0.0,0.0,Rad,ATACCTTGTGTAAATG-1,0.9082142242121576,0.7213044755801392,stem-2
ATAGACCAGTTGAAAC-1,1674,10978.0,0.06986701,0.036163237,0.0,0.0,0.0,Rad,ATAGACCAGTTGAAAC-1,0.0296194248320991,0.2817959974926429,stem-1
ATAGGCTAGCGACTAG-1,6223,63431.0,0.021093788,0.3023443,0.0,0.0,0.0,Rad,ATAGGCTAGCGACTAG-1,0.1232420641754204,0.7287579390810931,stem-1
ATAGGCTCACTTGGCG-1,1893,4529.0,0.06734379,0.064914994,1.1656455,1.1656455,1.1656455,Rad,ATAGGCTCACTTGGCG-1,0.1229550542448768,0.3282701806431775,absorbitive-2
ATCACAGAGACTGGGT-1,5533,65170.0,0.020162651,0.05163419,0.0,0.0,0.0,Rad,ATCACAGAGACTGGGT-1,0.0311118764709258,0.1118265485466435,secretory-1
ATCACGAGTCAAGCCC-1,6403,60746.0,0.027689066,0.3158068,0.0,0.0,0.0,Rad,ATCACGAGTCAAGCCC-1,0.9871419551116468,0.746913350552251,stem-1
ATCAGGTTCTTCCCAG-1,6448,53974.0,0.03877793,0.25249195,0.0,0.0,0.0,Rad,ATCAGGTTCTTCCCAG-1,0.9297399690029275,0.7252055325917707,stem-2
ATCCCTGAGCAACTCT-1,5952,35185.0,0.03308228,0.06741509,0.0,0.0,0.0,Rad,ATCCCTGAGCAACTCT-1,0.0386315366511681,0.1769797314430771,stem-2
ATCCCTGCACATTCGA-1,2014,9376.0,0.00053327647,0.03668942,0.0,0.0,0.0,Rad,ATCCCTGCACATTCGA-1,0.1227828482865507,0.3553065252629093,absorbitive-2
ATCCTATGTACACTCA-1,6601,40180.0,0.01607765,0.22050771,0.0,0.0,0.0,Rad,ATCCTATGTACACTCA-1,0.0423052637621261,0.2498541709344066,stem-1
ATCGCCTTCACCTCAC-1,5152,51415.0,0.019410677,0.07682583,0.0,0.0,0.0,Rad,ATCGCCTTCACCTCAC-1,0.0352448194707536,0.222664252639093,z_paneth
ATGAGGGGTAGAGACC-1,6076,48153.0,0.050734118,0.20808673,0.0,0.0,0.0,Rad,ATGAGGGGTAGAGACC-1,0.2172665174215028,0.3747478580243507,stem-1
ATGAGTCGTTCGTGCG-1,6863,69446.0,0.021037929,0.24185698,0.0,0.0,0.0,Rad,ATGAGTCGTTCGTGCG-1,0.998966764250043,0.6471095923491791,stem-2
ATGATCGCATTCGATG-1,3946,38527.0,0.01373063,0.022166273,0.0,0.0,0.0,Rad,ATGATCGCATTCGATG-1,0.031284082429252,0.1592014454445658,stem-1
ATGCATGCATCCAATG-1,1862,6340.0,0.06987382,0.2070978,0.0,0.0,0.0,Rad,ATGCATGCATCCAATG-1,0.1316801561334022,0.3058606040810379,absorbitive-1
ATGCCTCCAATGGGTG-1,7002,96251.0,0.028768532,0.29250604,0.0,0.0,0.0,Rad,ATGCCTCCAATGGGTG-1,0.776648872050973,0.9946549056974616,stem-2
ATGCGATCAAGTGCAG-1,4109,18477.0,0.02706067,0.26308385,0.0,0.0,0.0,Rad,ATGCGATCAAGTGCAG-1,0.3244360254864818,0.674976020492757,stem-2
ATGGAGGCATACCGTA-1,5262,23480.0,0.068569,0.16188246,0.0,0.0,0.0,Rad,ATGGAGGCATACCGTA-1,0.1551001664657597,0.7030787429363727,stem-2
ATGGATCGTGTGTGGA-1,4732,32143.0,0.09666179,0.18803471,0.0,0.0,0.0,Rad,ATGGATCGTGTGTGGA-1,0.1495321738132139,0.2791038993904801,absorbitive-1
ATGGGTTCAACGTATC-1,4882,24905.0,0.026821923,0.11146356,0.0,0.0,0.0,Rad,ATGGGTTCAACGTATC-1,0.0192870673325297,0.2479234667961691,secretory-2
ATGGGTTTCATTGTTC-1,1760,5416.0,0.068870015,0.020125553,0.0,0.0,0.0,Rad,ATGGGTTTCATTGTTC-1,0.1172722576201136,0.2074640859575489,absorbitive-2
ATGTCCCAGAGTGACC-1,5255,27249.0,0.020294324,0.06928695,0.0,0.0,0.0,Rad,ATGTCCCAGAGTGACC-1,0.0137190746799839,0.2362616447384238,stem-1
ATTATCCGTAGGGAGG-1,5847,27623.0,0.04195779,0.13050719,0.0,0.0,0.0,Rad,ATTATCCGTAGGGAGG-1,0.017163193846507,0.1887511969167782,secretory-2
ATTCACTTCTCGGTCT-1,5086,54768.0,0.00036517673,0.25301272,0.0,0.0,0.0,Rad,ATTCACTTCTCGGTCT-1,0.4592732908558636,0.8472282424398822,stem-2
ATTCCATGTCATTCCC-1,2542,5384.0,0.01448737,0.057392273,0.0,0.0,0.0,Rad,ATTCCATGTCATTCCC-1,0.0008610297916307905,0.2488775830053402,secretory-2
ATTCTACCAGACCCGT-1,5903,54453.0,0.0394285,0.3103594,0.0,0.0,0.0,Rad,ATTCTACCAGACCCGT-1,0.2529131507950175,0.5328095705887429,stem-1
ATTGGGTTCAATCAGC-1,5418,60882.0,0.020843599,0.0837686,0.0,0.0,0.0,Rad,ATTGGGTTCAATCAGC-1,0.037827908845646,0.2706688707511158,z_paneth
ATTGTTCGTTCCCACT-1,5355,33492.0,0.038755525,0.29595128,1.0265692,1.0265692,1.0265692,Rad,ATTGTTCGTTCCCACT-1,0.3577865794156478,0.7027764798957961,stem-1
CAAAGAAGTGTCATGT-1,5893,59191.0,0.044347957,0.30656686,0.0,0.0,0.0,Rad,CAAAGAAGTGTCATGT-1,0.969117731473509,0.6731920002218982,stem-2
CAACAACTCCAAGCAT-1,7497,95042.0,0.027787715,0.28638917,0.0,0.0,0.0,Rad,CAACAACTCCAAGCAT-1,0.8568968486309626,0.8949197361445778,stem-2
CAACAACTCTCATTGT-1,6728,80799.0,0.023824552,0.27917424,0.0,0.0,0.0,Rad,CAACAACTCTCATTGT-1,0.1140003444119166,0.6656256277207466,stem-1
CAACAGTGTCACGTGC-1,6795,66209.0,0.032185957,0.2552372,0.0,0.0,0.0,Rad,CAACAGTGTCACGTGC-1,0.6148326732104931,0.6173506766261245,stem-2
CAACCAAAGGCAGTCA-1,5547,30437.0,0.029700693,0.07566449,0.0,0.0,0.0,Rad,CAACCAAAGGCAGTCA-1,0.0123414270133746,0.2190139331989477,secretory-2
CAACCTCCACTAGGTT-1,2776,16881.0,0.04395474,0.18825899,0.0,0.0,0.0,Rad,CAACCTCCACTAGGTT-1,0.0188852534297686,0.2207783650683344,stem-2
CAATCGAGTATTTCGG-1,6591,63222.0,0.035193447,0.24268451,0.0,0.0,0.0,Rad,CAATCGAGTATTTCGG-1,0.673956718902474,0.5181945698369586,stem-2
CAATTTCAGGGTCTTT-1,5128,25950.0,0.016608864,0.082581885,0.0,0.0,0.0,Rad,CAATTTCAGGGTCTTT-1,0.0064290224441765,0.1396786212285,secretory-2
CACAGATTCTGTACAG-1,1956,11600.0,0.0003448276,0.008189655,0.0,0.0,0.0,Rad,CACAGATTCTGTACAG-1,0.0724987084553125,0.212917774065466,absorbitive-2
CACAGGCTCGCACGGT-1,2653,23276.0,0.010096236,0.016884344,0.0,0.0,0.0,Rad,CACAGGCTCGCACGGT-1,0.0285287870960335,0.1498620759728687,stem-1
CACCGTTAGAAGTATC-1,5968,49471.0,0.034929555,0.2921914,0.0,0.0,0.0,Rad,CACCGTTAGAAGTATC-1,0.9945468113196716,0.6971438157110431,stem-1
CACTGTCCATAGCTGT-1,5928,52893.0,0.03130849,0.20021553,0.0,0.0,0.0,Rad,CACTGTCCATAGCTGT-1,0.1542391366741289,0.3334346471799286,absorbitive-1
CACTTCGTCCCATACC-1,5313,39871.0,0.020466004,0.30693987,0.0,0.0,0.0,Rad,CACTTCGTCCCATACC-1,0.0525228172894782,0.3632001937827749,z_paneth
CACTTCGTCCCGTGTT-1,6862,72964.0,0.045227785,0.31323665,0.12844062,0.12844062,0.12844062,Rad,CACTTCGTCCCGTGTT-1,0.9990815682222604,0.6963478512662581,stem-2
CAGAGCCTCGTGGGAA-1,4699,39482.0,0.026518414,0.3051264,0.0,0.0,0.0,Rad,CAGAGCCTCGTGGGAA-1,0.1008552895930199,0.4194656545213164,stem-1
CAGATACAGCCAGAGT-1,5465,33362.0,0.05020682,0.107217796,0.0,0.0,0.0,Rad,CAGATACAGCCAGAGT-1,0.1433327593134722,0.220952013628903,stem-1
CAGATACCAATCTAGC-1,7197,82873.0,0.032073174,0.2696415,0.0,0.0,0.0,Rad,CAGATACCAATCTAGC-1,0.2528557488089087,0.5810508274675649,stem-2
CAGCAGCTCTGCTTTA-1,5307,28571.0,0.05677085,0.100346506,0.0,0.0,0.0,Rad,CAGCAGCTCTGCTTTA-1,0.0173928017909419,0.2573252474294637,secretory-2
CAGCGTGGTCACATTG-1,4705,13655.0,0.01603808,0.08048334,0.0,0.0,0.0,Rad,CAGCGTGGTCACATTG-1,0.0079214740830032,0.1783949105814883,secretory-2
CAGGTATAGTTGCTGT-1,2818,10742.0,0.037981752,0.097933345,0.0,0.0,0.0,Rad,CAGGTATAGTTGCTGT-1,0.1310487342862063,0.1878125768562892,absorbitive-1
CAGTGCGCAATTTCGG-1,5415,37418.0,0.047249988,0.28844407,0.0,0.0,0.0,Rad,CAGTGCGCAATTTCGG-1,0.2319614258653349,0.6565327442057725,stem-2
CAGTTAGCAGGACAGT-1,1514,4010.0,0.035162095,0.13117208,0.0,0.0,0.0,Rad,CAGTTAGCAGGACAGT-1,0.1150335801618736,0.2376398429797624,absorbitive-2
CAGTTCCAGCCGGAAT-1,6833,59893.0,0.042442355,0.24323377,0.0,0.0,0.0,Rad,CAGTTCCAGCCGGAAT-1,0.366339475345847,0.7006431224394889,stem-2
CATAAGCAGACCATTC-1,2045,4768.0,0.0054530203,0.037541945,0.0,0.0,0.0,Rad,CATAAGCAGACCATTC-1,0.0257734917628149,0.2789890434476875,stem-1
CATAAGCCAAATGGAT-1,5622,37136.0,0.024666091,0.30075938,0.0,0.0,0.0,Rad,CATAAGCCAAATGGAT-1,0.858446702255898,0.702669579009681,stem-2
CATACAGGTTCGTAAC-1,6467,50498.0,0.034773655,0.2449404,0.0,0.0,0.0,Rad,CATACAGGTTCGTAAC-1,0.9517249296825672,0.7701402288109587,stem-2
CATACCCTCCTTGACC-1,5380,23561.0,0.023216331,0.09295022,0.0,0.0,0.0,Rad,CATACCCTCCTTGACC-1,0.0184834395270076,0.2117002427297298,secretory-2
CATAGACCATACACCA-1,3271,25118.0,0.0072458,0.015287842,0.0,0.0,0.0,Rad,CATAGACCATACACCA-1,0.0275529533321852,0.0979212117757274,stem-1
CATCCACCACTGGATT-1,6678,61923.0,0.03294414,0.24633819,0.14970443,0.14970443,0.14970443,Rad,CATCCACCACTGGATT-1,0.9996555880833476,0.6314897992056122,stem-2
CATCCACGTCCTGGTG-1,1550,4810.0,0.07837838,0.03284823,0.0,0.0,0.0,Rad,CATCCACGTCCTGGTG-1,0.1252511336892256,0.3272657743634186,absorbitive-2
CATCCGTAGATTAGCA-1,5147,35950.0,0.009874826,0.12400556,0.24542476,0.24542476,0.24542476,Rad,CATCCGTAGATTAGCA-1,0.0398369783594512,0.3025483306978894,stem-1
CATCCGTGTGTCTCCT-1,6192,56196.0,0.031425726,0.2853762,0.0,0.0,0.0,Rad,CATCCGTGTGTCTCCT-1,0.110441421273176,0.4903934607902839,stem-1
CATCGGGTCTCCGTGT-1,5387,23026.0,0.0354382,0.05888995,0.0,0.0,0.0,Rad,CATCGGGTCTCCGTGT-1,0.0075770621663509,0.2208140307591606,secretory-2
CATGAGTAGACTGTTC-1,6726,65820.0,0.027484048,0.2668034,0.14143838,0.14143838,0.14143838,Rad,CATGAGTAGACTGTTC-1,0.6427874404454395,0.5577056346799012,stem-1
CATGAGTTCGGTCTGG-1,5823,48966.0,0.033921495,0.1826982,0.0,0.0,0.0,Rad,CATGAGTTCGGTCTGG-1,0.1836863555479019,0.319761856508209,stem-2
CATGCCTAGTATAGGT-1,5414,44001.0,0.03827186,0.32724255,0.0,0.0,0.0,Rad,CATGCCTAGTATAGGT-1,0.775615636301016,0.5234891302082907,stem-1
CATGCCTCATCCGTTC-1,3398,9212.0,0.066217974,0.06665219,0.0,0.0,0.0,Rad,CATGCCTCATCCGTTC-1,0.0086102979163079,0.3009623778365012,stem-1
CATGCCTGTCGCTGCA-1,3251,21421.0,0.00028009896,0.016945988,0.0,0.0,0.0,Rad,CATGCCTGTCGCTGCA-1,0.1179036794673095,0.2394478033210791,absorbitive-2
CATGCGGGTAGGGAGG-1,5662,31378.0,0.020555804,0.07919561,0.0,0.0,0.0,Rad,CATGCGGGTAGGGAGG-1,0.0198610871936169,0.2055105026971158,secretory-2
CATGCTCCATCATCTT-1,5907,30977.0,0.02898925,0.109436035,0.0,0.0,0.0,Rad,CATGCTCCATCATCTT-1,0.0208369209574651,0.2825844258984717,secretory-2
CATGCTCCATGGCGCT-1,6053,44294.0,0.03664153,0.28243104,0.0,0.0,0.0,Rad,CATGCTCCATGGCGCT-1,0.62527983468228,0.6665346972340612,stem-2
CATGGATAGTACCGGA-1,1530,5151.0,0.003688604,0.034750532,0.0,0.0,0.0,Rad,CATGGATAGTACCGGA-1,0.1217496125365937,0.3478807106622278,absorbitive-2
CATGGTAGTCCATAGT-1,5145,25852.0,0.030674608,0.13627572,0.0,0.0,0.0,Rad,CATGGTAGTCCATAGT-1,0.0226163825268354,0.2630140581538812,secretory-2
CATTGTTCAATCGCCG-1,2562,6882.0,0.05216507,0.09139785,1.3625476,1.3625476,1.3625476,Rad,CATTGTTCAATCGCCG-1,0.0417886458871476,0.3012255150657855,secretory-3
CATTGTTTCCATCAGA-1,7018,73533.0,0.035779852,0.2622632,0.12750748,0.12750748,0.12750748,Rad,CATTGTTTCCATCAGA-1,0.7437575340106768,0.8374446570466373,stem-2
CCAAGCGGTTAAGCAA-1,4919,32670.0,0.061218243,0.26636058,0.0,0.0,0.0,Rad,CCAAGCGGTTAAGCAA-1,0.8550599850754836,0.5620183880840004,stem-2
CCAATTTAGGTTCCGC-1,2348,24053.0,0.0140107265,0.098906584,0.0,0.0,0.0,Rad,CCAATTTAGGTTCCGC-1,0.0324895241375351,0.2833848439584515,z_paneth
CCAATTTAGTGGGAAA-1,4398,24341.0,0.056447968,0.30919024,0.3441778,0.3441778,0.3441778,Rad,CCAATTTAGTGGGAAA-1,0.5404396992135928,0.736085444345088,stem-1
CCACACTAGGGCAGAG-1,5187,22775.0,0.020285401,0.082414925,0.0,0.0,0.0,Rad,CCACACTAGGGCAGAG-1,0.0123988289994833,0.1484572751929783,secretory-2
CCACACTAGTGGACTG-1,5261,43113.0,0.04156519,0.32558626,0.20859715,0.20859715,0.20859715,Rad,CCACACTAGTGGACTG-1,0.9846162677228631,0.693121080625997,stem-2
CCACCATCAGTATGAA-1,2509,19050.0,0.013700787,0.05637795,0.0,0.0,0.0,Rad,CCACCATCAGTATGAA-1,0.0332357499569485,0.278321410591911,z_paneth
CCACGAGGTGTACAGG-1,6945,79893.0,0.041242663,0.29883718,0.0,0.0,0.0,Rad,CCACGAGGTGTACAGG-1,0.8796854371161242,0.6920273586524913,stem-2
CCACGTTTCGAGCTGC-1,4601,22637.0,0.017007554,0.054910105,0.0,0.0,0.0,Rad,CCACGTTTCGAGCTGC-1,0.0119396131106136,0.1808138897829122,stem-1
CCACTTGAGTATGCAA-1,5758,42936.0,0.07418018,0.25728992,0.0,0.0,0.0,Rad,CCACTTGAGTATGCAA-1,0.311922392514781,0.6278839061500789,stem-2
CCATAAGTCTGGACTA-1,2889,7581.0,0.011212241,0.2070967,0.0,0.0,0.0,Rad,CCATAAGTCTGGACTA-1,0.1314505481889673,0.5371499379191234,stem-1
CCATCACAGATGCGAC-1,2649,19312.0,0.07875932,0.003935377,0.0,0.0,0.0,Rad,CCATCACAGATGCGAC-1,0.0307674645542735,0.0220172201809194,absorbitive-2
CCCAACTCACGACGAA-1,5070,42164.0,0.030665971,0.13388199,0.0,0.0,0.0,Rad,CCCAACTCACGACGAA-1,0.0460937948453016,0.2605593419730814,secretory-1
CCCAACTGTTTCCCAC-1,6935,68539.0,0.0324195,0.24658953,0.0,0.0,0.0,Rad,CCCAACTGTTTCCCAC-1,0.3310946558750933,0.9469162827897598,stem-2
CCCTCAACATCATCCC-1,1641,10837.0,0.01642521,0.017347975,0.0,0.0,0.0,Rad,CCCTCAACATCATCCC-1,0.0276677573044027,0.1867395571108521,stem-1
CCCTCAAGTCAAAGTA-1,3483,28165.0,0.022545712,0.2679922,0.0,0.0,0.0,Rad,CCCTCAAGTCAAAGTA-1,0.1653177199931117,0.2560893542854729,stem-2
CCCTCTCAGGTCGCCT-1,5987,74662.0,0.02929201,0.29389784,0.0,0.0,0.0,Rad,CCCTCTCAGGTCGCCT-1,0.4845875667298088,0.4018676116400899,stem-2
CCGATCTGTACTAACC-1,3554,37606.0,0.008535872,0.015130565,0.0,0.0,0.0,Rad,CCGATCTGTACTAACC-1,0.0301360427070776,0.1254321442028536,stem-1
CCGATGGAGGCCACCT-1,5423,30934.0,0.02004267,0.071216136,0.0,0.0,0.0,Rad,CCGATGGAGGCCACCT-1,0.0156133402215716,0.2541078625783508,secretory-2
CCGGACACACGCGGTT-1,6383,62038.0,0.03043296,0.32156098,0.0,0.0,0.0,Rad,CCGGACACACGCGGTT-1,0.9385798748636704,0.6462463731745228,stem-1
CCGGGTACAGAACTCT-1,4966,31964.0,0.06848329,0.27396446,0.0,0.0,0.0,Rad,CCGGGTACAGAACTCT-1,0.7965673612306986,0.5553560368794502,absorbitive-1
CCGGGTATCATGTCTT-1,1719,3162.0,0.020240353,0.061986085,0.0,0.0,0.0,Rad,CCGGGTATCATGTCTT-1,0.0003444119166523161,0.2207907197996886,stem-1
CCGTAGGGTTATCTTC-1,2263,9958.0,0.07591886,0.003514762,0.0,0.0,0.0,Rad,CCGTAGGGTTATCTTC-1,0.0583778198725675,0.1539584357176783,absorbitive-2
CCTAACCTCGCGAAGA-1,4827,46297.0,0.00028079574,0.31967515,0.0,0.0,0.0,Rad,CCTAACCTCGCGAAGA-1,0.7190172779978187,0.4734612766295266,stem-2
CCTAAGAAGGTTCAGG-1,5525,40940.0,0.039863214,0.23370786,0.0,0.0,0.0,Rad,CCTAAGAAGGTTCAGG-1,0.1682452212846564,0.4171318374789186,stem-2
CCTCAACCAGGGCTTC-1,2625,10446.0,0.048535325,0.3175378,0.0,0.0,0.0,Rad,CCTCAACCAGGGCTTC-1,0.1452844268411687,0.3897673681932779,stem-1
CCTCCTCCAAATCAAG-1,6854,66896.0,0.046280794,0.23396018,0.13931468,0.13931468,0.13931468,Rad,CCTCCTCCAAATCAAG-1,0.9748005280982722,0.5971311016612372,stem-2
CCTGCATGTCACTACA-1,3771,28968.0,0.0007249379,0.019400718,0.0,0.0,0.0,Rad,CCTGCATGTCACTACA-1,0.1284082429252052,0.282567564482723,absorbitive-2
CCTGCATTCCGTCCTA-1,5577,20612.0,0.023093343,0.08354357,0.0,0.0,0.0,Rad,CCTGCATTCCGTCCTA-1,0.0198036852075081,0.2305493755012562,secretory-2
CCTTTGGCATAGCACT-1,2555,12089.0,0.06253619,0.05773844,0.0,0.0,0.0,Rad,CCTTTGGCATAGCACT-1,0.124964123758682,0.2913783714849737,absorbitive-2
CGAAGGAAGCTAAGTA-1,1602,3792.0,0.0342827,0.06882911,0.0,0.0,0.0,Rad,CGAAGGAAGCTAAGTA-1,0.0006888238333046323,0.2475124761492914,stem-1
CGAAGGACAGACAATA-1,5426,47219.0,0.078993626,0.01463394,0.0,0.0,0.0,Rad,CGAAGGACAGACAATA-1,0.1291544687446185,0.1433923393789643,absorbitive-2
CGAAGTTGTGCCGAAA-1,5056,22022.0,0.015257469,0.08437017,0.0,0.0,0.0,Rad,CGAAGTTGTGCCGAAA-1,0.0067160323747201,0.216124534066682,secretory-2
CGACAGCCACCTGCAG-1,4875,24278.0,0.021542137,0.060795784,0.0,0.0,0.0,Rad,CGACAGCCACCTGCAG-1,0.0150967223465931,0.1896275891535336,secretory-2
CGATGCGCAAGAAACT-1,2521,12205.0,0.059565753,0.022859484,0.0,0.0,0.0,Rad,CGATGCGCAAGAAACT-1,0.1207737787727455,0.2051365503365915,absorbitive-2
CGATGCGCAATGCAAA-1,5447,54468.0,0.017937137,0.06365205,0.0,0.0,0.0,Rad,CGATGCGCAATGCAAA-1,0.0204925090408128,0.2547068194107814,stem-1
CGATGCGCAGCTGCCA-1,6664,80001.0,0.024299696,0.33900827,0.0,0.0,0.0,Rad,CGATGCGCAGCTGCCA-1,0.9990241662361518,0.8343940890065055,stem-2
CGATGGCCACGAAGAC-1,4690,22075.0,0.025730465,0.05988675,0.0,0.0,0.0,Rad,CGATGGCCACGAAGAC-1,0.0158429481660065,0.2081702630088597,stem-1
CGCAGGTCACTGGACC-1,3839,17708.0,0.03557714,0.21967472,0.0,0.0,0.0,Rad,CGCAGGTCACTGGACC-1,0.1599219332988921,0.5260514311520568,stem-2
CGCATAAGTCACTTAG-1,3436,19146.0,0.05029771,0.12900867,0.0,0.0,0.0,Rad,CGCATAAGTCACTTAG-1,0.1439067791745594,0.3914009223057432,absorbitive-1
CGGAACCGTCACCTTC-1,3448,17484.0,0.029855868,0.26206818,0.0,0.0,0.0,Rad,CGGAACCGTCACCTTC-1,0.2224900981573962,0.4396553321811516,stem-2
CGGAATTTCGCCTTGT-1,2963,9003.0,0.028990336,0.17494169,0.0,0.0,0.0,Rad,CGGAATTTCGCCTTGT-1,0.127834223064118,0.2575984462756971,stem-1
CGGCAGTGTGTATTGC-1,2194,5368.0,0.028315946,0.21609537,0.0,0.0,0.0,Rad,CGGCAGTGTGTATTGC-1,0.134378049480512,0.4527565295191974,stem-1
CGGGCATTCGGTGTTA-1,1846,7788.0,0.019902414,0.024653314,0.0,0.0,0.0,Rad,CGGGCATTCGGTGTTA-1,0.0266345215544457,0.1495802743936689,stem-1
CGGGTCAAGAAACTCA-1,2757,8609.0,0.0055755605,0.041700546,0.0,0.0,0.0,Rad,CGGGTCAAGAAACTCA-1,0.0315710923597956,0.2853103922293704,z_paneth
CGGGTCAAGTCACGAG-1,5586,34678.0,0.0288944,0.09164312,0.0,0.0,0.0,Rad,CGGGTCAAGTCACGAG-1,0.0095861316801561,0.2147711653076094,secretory-2
CGGGTGTGTAGACGGT-1,2967,7403.0,0.007024179,0.09617723,0.0,0.0,0.0,Rad,CGGGTGTGTAGACGGT-1,0.1144595603007864,0.5464346572314772,stem-1
CGTCAAACAGGAGACT-1,5233,27455.0,0.023420142,0.09054817,0.0,0.0,0.0,Rad,CGTCAAACAGGAGACT-1,0.018196429596464,0.2238821856226925,secretory-2
CGTCCATAGGAATTAC-1,5885,32217.0,0.024459137,0.08871093,0.0,0.0,0.0,Rad,CGTCCATAGGAATTAC-1,0.0222719706101831,0.2163086934639654,secretory-2
CGTGAATGTACAAGTA-1,5284,52134.0,0.013580389,0.05821537,0.0,0.0,0.0,Rad,CGTGAATGTACAAGTA-1,0.0195166752769645,0.2461800530842689,stem-1
CGTGATACAACGGGTA-1,6217,44284.0,0.037530486,0.23800921,0.0,0.0,0.0,Rad,CGTGATACAACGGGTA-1,0.5633430916709719,0.5455956573006351,stem-1
CGTGATATCAAGTGGG-1,6249,60645.0,0.028757524,0.25871876,0.0,0.0,0.0,Rad,CGTGATATCAAGTGGG-1,0.0985018081625624,0.6649565810753989,stem-1
CGTGCTTGTACACGTT-1,5022,28994.0,0.036455818,0.115748085,0.29631886,0.29631886,0.29631886,Rad,CGTGCTTGTACACGTT-1,0.0522358073589346,0.3069087854808917,secretory-3
CGTGTCTTCGGCCCAA-1,5603,30086.0,0.026191585,0.10965233,0.0,0.0,0.0,Rad,CGTGTCTTCGGCCCAA-1,0.0203203030824866,0.2707518423958574,secretory-2
CGTTAGAAGATCCAAA-1,2576,9482.0,0.030478802,0.08046825,0.0,0.0,0.0,Rad,CGTTAGAAGATCCAAA-1,0.1273750071752482,0.3395787940071267,absorbitive-2
CGTTAGAGTCATGACT-1,3052,30968.0,0.005198915,0.013207181,0.0,0.0,0.0,Rad,CGTTAGAGTCATGACT-1,0.0268067275127719,0.1175615394177748,stem-1
CGTTCTGTCTAGGAAA-1,5968,77958.0,0.07244927,0.01083917,0.0,0.0,0.0,Rad,CGTTCTGTCTAGGAAA-1,0.1256529475919866,0.1123117391762382,absorbitive-2
CGTTGGGAGCAAGCCA-1,3055,27746.0,0.00497369,0.019678513,0.0,0.0,0.0,Rad,CGTTGGGAGCAAGCCA-1,0.0267493255266632,0.1554416827814149,secretory-1
CTAACTTCAAAGTGTA-1,4770,29165.0,0.06751243,0.22362421,0.0,0.0,0.0,Rad,CTAACTTCAAAGTGTA-1,0.5553068136157511,0.5342198731904342,absorbitive-1
CTAACTTCATCATCCC-1,7491,53567.0,0.021636454,0.06317322,0.0,0.0,0.0,Rad,CTAACTTCATCATCCC-1,0.0203777050685953,0.1599015696504467,secretory-2
CTAAGTGTCGTACCTC-1,6343,59619.0,0.0248243,0.25605932,0.0,0.0,0.0,Rad,CTAAGTGTCGTACCTC-1,0.1152631881063084,0.6824018829378995,stem-1
CTACAGACAAGACTGG-1,5435,64712.0,0.006876623,0.041244283,0.0,0.0,0.0,Rad,CTACAGACAAGACTGG-1,0.0269789334710981,0.2418771579584429,stem-1
CTACAGAGTAATTGGA-1,6008,45655.0,0.07342022,0.24078414,0.1980588,0.1980588,0.1980588,Rad,CTACAGAGTAATTGGA-1,0.1696228689512657,0.3232091162416344,stem-1
CTACATTTCGACCACG-1,6697,72257.0,0.024897242,0.2794885,0.0,0.0,0.0,Rad,CTACATTTCGACCACG-1,0.9614258653349406,0.8133728079437184,stem-2
CTACCCAGTCGAGATG-1,4060,30313.0,0.00046184805,0.26599148,0.0,0.0,0.0,Rad,CTACCCAGTCGAGATG-1,0.2418919694621434,0.5473513131043118,stem-2
CTACCTGAGTCACACT-1,6690,54569.0,0.0629295,0.24090602,0.0,0.0,0.0,Rad,CTACCTGAGTCACACT-1,0.2192181849491992,0.7764592326382512,stem-2
CTACTATAGGGCGAAG-1,3775,40718.0,0.011125301,0.021268236,0.0,0.0,0.0,Rad,CTACTATAGGGCGAAG-1,0.0319155042764479,0.1404727853129272,stem-1
CTACTATCACAATCTG-1,3847,18651.0,0.027505228,0.2865262,0.0,0.0,0.0,Rad,CTACTATCACAATCTG-1,0.6482406291257677,0.8264647939408856,stem-2
CTAGACATCTCTCGAC-1,5761,30165.0,0.024332836,0.08357368,0.0,0.0,0.0,Rad,CTAGACATCTCTCGAC-1,0.020033293151943,0.2494388713987236,secretory-2
CTAGGTATCACTCTTA-1,4318,44133.0,0.016201029,0.03197154,0.0,0.0,0.0,Rad,CTAGGTATCACTCTTA-1,0.0357040353596234,0.1793830026202584,stem-1
CTAGGTATCGTTACCC-1,5718,56826.0,0.022225741,0.22255658,0.0,0.0,0.0,Rad,CTAGGTATCGTTACCC-1,0.0918431777739509,0.3836902407622071,stem-1
CTATCCGAGCTGACCC-1,2299,14060.0,0.07624467,0.16059744,0.0,0.0,0.0,Rad,CTATCCGAGCTGACCC-1,0.1365019229665346,0.2027279934258249,stem-2
CTATCCGGTTCAAGGG-1,6052,60425.0,0.0829127,0.012941663,0.0,0.0,0.0,Rad,CTATCCGGTTCAAGGG-1,0.1189369152172665,0.0901598281154871,absorbitive-2
CTATCTACAGGAAGTC-1,2546,14749.0,0.012272018,0.012543223,0.0,0.0,0.0,Rad,CTATCTACAGGAAGTC-1,0.026577119568337,0.153018656776215,stem-1
CTCAATTCAAGTGGGT-1,3277,20617.0,0.037784353,0.07906097,0.0,0.0,0.0,Rad,CTCAATTCAAGTGGGT-1,0.1142299523563515,0.201408739429383,absorbitive-1
CTCAATTCAGTGTATC-1,2817,8935.0,0.01343033,0.12109681,0.0,0.0,0.0,Rad,CTCAATTCAGTGTATC-1,0.1208885827449629,0.462763270620197,stem-1
CTCAGAAAGCCAAGTG-1,3892,23847.0,0.06436868,0.31534365,0.0,0.0,0.0,Rad,CTCAGAAAGCCAAGTG-1,0.041099822053843,0.3346823071688048,z_paneth
CTCAGGGTCTTTGCTA-1,5297,36614.0,0.048232917,0.24042717,0.0,0.0,0.0,Rad,CTCAGGGTCTTTGCTA-1,0.7908271626198267,0.6450472896900644,absorbitive-1
CTCATGCGTGGTCCCA-1,6779,67473.0,0.024987772,0.27362055,0.0,0.0,0.0,Rad,CTCATGCGTGGTCCCA-1,0.7404856208024798,0.8773252425715177,stem-2
CTCCCTCAGAAGATCT-1,6528,66733.0,0.035499677,0.20486116,0.0,0.0,0.0,Rad,CTCCCTCAGAAGATCT-1,0.5490499971299007,0.5199492936485968,stem-2
CTCCGATCAGCGACCT-1,2575,7110.0,0.023347398,0.12841068,0.0,0.0,0.0,Rad,CTCCGATCAGCGACCT-1,0.1145169622868951,0.310578386566109,stem-1
CTCCGATCATGACGAG-1,6360,55641.0,0.042612463,0.2478568,0.0,0.0,0.0,Rad,CTCCGATCATGACGAG-1,0.3192698467366971,0.5235161872534527,stem-2
CTCCGATGTACACTCA-1,6254,43740.0,0.0744856,0.19993141,0.20589459,0.20589459,0.20589459,Rad,CTCCGATGTACACTCA-1,0.6337179266402617,0.463448173906301,stem-2
CTCCTTTTCCCGAACG-1,6095,33767.0,0.023662155,0.10234845,0.0,0.0,0.0,Rad,CTCCTTTTCCCGAACG-1,0.0103897594856782,0.2134872651994863,secretory-2
CTCTCAGAGGATTTGA-1,6956,90020.0,0.0191513,0.27388358,0.0,0.0,0.0,Rad,CTCTCAGAGGATTTGA-1,0.104930830606739,0.5259742283236396,stem-1
CTGAGCGCATTCAGCA-1,5979,43755.0,0.050074276,0.21243286,0.0,0.0,0.0,Rad,CTGAGCGCATTCAGCA-1,0.1631364445209804,0.2950470127353152,stem-2
CTGAGCGGTGTGACCC-1,5414,58154.0,0.012913987,0.09146404,0.0,0.0,0.0,Rad,CTGAGCGGTGTGACCC-1,0.0332931519430572,0.2302679904538792,z_paneth
CTGAGGCGTCTCTCTG-1,3984,36447.0,0.0003292452,0.015913518,0.0,0.0,0.0,Rad,CTGAGGCGTCTCTCTG-1,0.1282934389529877,0.2440095173657169,absorbitive-2
CTGCAGGCAACCAACT-1,6884,67671.0,0.04351938,0.23852167,0.0,0.0,0.0,Rad,CTGCAGGCAACCAACT-1,0.851501061936743,0.8312487200020684,stem-2
CTGCATCCAACGATCT-1,5285,23731.0,0.018288314,0.08562639,0.0,0.0,0.0,Rad,CTGCATCCAACGATCT-1,0.0105619654440043,0.2409117429738743,secretory-2
CTGCATCGTCCCTGAG-1,6361,43071.0,0.036126398,0.24557127,0.0,0.0,0.0,Rad,CTGCATCGTCCCTGAG-1,0.4130072900522358,0.7011215909785536,stem-2
CTGTACCAGCTGTTCA-1,4047,15076.0,0.03150703,0.018506235,0.0,0.0,0.0,Rad,CTGTACCAGCTGTTCA-1,0.1212329946616152,0.1737422166153582,absorbitive-2
CTGTACCCACCATATG-1,6178,92746.0,0.011084036,0.21237573,0.10239535,0.10239535,0.10239535,Rad,CTGTACCCACCATATG-1,0.0515469835256299,0.4773470932583939,z_paneth
CTGTAGAGTTTGAACC-1,7276,67095.0,0.04590506,0.18288994,0.46760678,0.46760678,0.46760678,Rad,CTGTAGAGTTTGAACC-1,0.9997129900694564,0.7170540751430214,stem-2
CTGTAGATCAGAGCGA-1,3901,13465.0,0.069067955,0.23304865,0.0,0.0,0.0,Rad,CTGTAGATCAGAGCGA-1,0.1400034441191665,0.5951689172910117,stem-2
CTGTATTCACATAACC-1,5456,30875.0,0.015611336,0.0605668,0.0,0.0,0.0,Rad,CTGTATTCACATAACC-1,0.005912404569198,0.1628593049713471,secretory-2
CTGTATTCACGGTGAA-1,4358,18778.0,0.047076367,0.25668335,0.0,0.0,0.0,Rad,CTGTATTCACGGTGAA-1,0.2806957120716377,0.6797067933346554,stem-2
CTGTCGTTCTCGGTCT-1,6597,64310.0,0.03277873,0.31726015,0.0,0.0,0.0,Rad,CTGTCGTTCTCGGTCT-1,0.1390276103553183,0.5602400704203165,stem-1
CTTACCGCAGCATTGT-1,5119,25407.0,0.022631558,0.091864444,0.0,0.0,0.0,Rad,CTTACCGCAGCATTGT-1,0.0136042707077664,0.1814502105248526,secretory-2
CTTACCGCAGGTGGAT-1,5155,26222.0,0.0752803,0.21073908,0.0,0.0,0.0,Rad,CTTACCGCAGGTGGAT-1,0.3411400034441191,0.7444656258730263,stem-2
CTTACCGTCGAGCCAC-1,5309,24253.0,0.020121222,0.09578197,0.0,0.0,0.0,Rad,CTTACCGTCGAGCCAC-1,0.0184260375408989,0.2359063086028694,secretory-2
CTTCAATAGATAGCAT-1,5542,42058.0,0.011745685,0.26156735,0.0,0.0,0.0,Rad,CTTCAATAGATAGCAT-1,0.2113541128523046,0.4631724318765887,stem-2
CTTCGGTGTAGATTAG-1,5940,71296.0,0.015639026,0.092950515,0.0,0.0,0.0,Rad,CTTCGGTGTAGATTAG-1,0.0405258021927558,0.4134987751956516,z_paneth
CTTCTCTGTACTGGGA-1,5066,38260.0,0.04477261,0.24276006,0.0,0.0,0.0,Rad,CTTCTCTGTACTGGGA-1,0.1823661098674014,0.4358858984499082,absorbitive-1
CTTGATTCAAAGTGTA-1,1530,10166.0,0.007180799,0.02685422,0.0,0.0,0.0,Rad,CTTGATTCAAAGTGTA-1,0.0281843751793812,0.2528933173829442,stem-1
GAAACCTCATAGAAAC-1,3935,24610.0,0.07346607,0.29435188,0.0,0.0,0.0,Rad,GAAACCTCATAGAAAC-1,0.1661213477986338,0.5623656441759932,stem-2
GAAATGATCAGCATTG-1,5247,32638.0,0.012500766,0.10368282,0.0,0.0,0.0,Rad,GAAATGATCAGCATTG-1,0.1614717869238275,0.2870233692400682,absorbitive-1
GAACGTTAGTCACTCA-1,6154,45175.0,0.04267847,0.2783398,0.0,0.0,0.0,Rad,GAACGTTAGTCACTCA-1,0.287583950404684,0.7279133214284607,stem-2
GAAGGACGTACCTAAC-1,2420,11568.0,0.08463001,0.022994468,0.0,0.0,0.0,Rad,GAAGGACGTACCTAAC-1,0.1233568681476379,0.2501744297252283,absorbitive-2
GAATAGAAGTTGTCAC-1,7277,86017.0,0.025134567,0.25892556,0.0,0.0,0.0,Rad,GAATAGAAGTTGTCAC-1,0.1222088284254635,0.8588968267409168,stem-1
GACACGCTCTGTGTGA-1,4289,16156.0,0.03614756,0.095134936,0.0,0.0,0.0,Rad,GACACGCTCTGTGTGA-1,0.1325985879111417,0.1546899974677611,stem-1
GACAGCCGTCGTCATA-1,4927,28331.0,0.06875861,0.1388938,0.0,0.0,0.0,Rad,GACAGCCGTCGTCATA-1,0.1727225762011365,0.3413229321786797,absorbitive-1
GACCAATCAACCGATT-1,7020,73590.0,0.026158445,0.2688137,0.0,0.0,0.0,Rad,GACCAATCAACCGATT-1,0.11474657023133,0.6383488970869122,stem-2
GACCCAGAGGGAGGCA-1,5155,30213.0,0.05884884,0.2624367,0.0,0.0,0.0,Rad,GACCCAGAGGGAGGCA-1,0.5949715860168762,0.6629001234117823,stem-2
GACCCAGCAACTTCTT-1,4317,25920.0,0.018325618,0.08499228,0.0,0.0,0.0,Rad,GACCCAGCAACTTCTT-1,0.0314562883875782,0.196563161184451,stem-1
GACGCTGTCCTACGAA-1,6096,45165.0,0.038968228,0.21250969,0.36660007,0.36660007,0.36660007,Rad,GACGCTGTCCTACGAA-1,0.2110671029217611,0.360980603182456,stem-1
GACGTTAGTACAGGTG-1,2617,15528.0,0.0026403915,0.013459557,0.0,0.0,0.0,Rad,GACGTTAGTACAGGTG-1,0.1201423569255496,0.2169309445606139,absorbitive-2
GACGTTAGTTCAGGTT-1,6651,78471.0,0.028558321,0.2782684,0.0,0.0,0.0,Rad,GACGTTAGTTCAGGTT-1,0.8705011193387291,0.9221415269582758,stem-2
GACTCAATCCTAGCCT-1,4626,38145.0,0.015886748,0.05169747,0.0,0.0,0.0,Rad,GACTCAATCCTAGCCT-1,0.0322599161931002,0.2518536424611233,stem-1
GACTCTCAGTAAGACT-1,6745,81878.0,0.025904395,0.3640172,0.0,0.0,0.0,Rad,GACTCTCAGTAAGACT-1,0.4550829458699271,0.6070883870807351,stem-2
GAGAAATAGAGTGTTA-1,6188,51292.0,0.058722608,0.2717188,0.0,0.0,0.0,Rad,GAGAAATAGAGTGTTA-1,0.8234314907295792,0.6597485206896206,stem-2
GAGAGGTCAGCAAGAC-1,6149,50328.0,0.0392227,0.2883087,0.0,0.0,0.0,Rad,GAGAGGTCAGCAAGAC-1,0.9998851960277826,0.8200547434284882,stem-2
GAGAGGTGTCGGAAAC-1,2292,19761.0,0.014118719,0.02398664,0.0,0.0,0.0,Rad,GAGAGGTGTCGGAAAC-1,0.0288731990126858,0.1739152782732853,stem-1
GAGCCTGCAGATACCT-1,5154,21962.0,0.024997724,0.08177762,0.0,0.0,0.0,Rad,GAGCCTGCAGATACCT-1,0.0207795189713564,0.2490212451092447,secretory-2
GAGCTGCGTAGACTGG-1,6586,63707.0,0.0300124,0.29502252,0.0,0.0,0.0,Rad,GAGCTGCGTAGACTGG-1,0.906951380517766,0.7696975297654203,stem-2
GAGGGATGTCATCCGG-1,6465,64201.0,0.03052912,0.2795128,0.0,0.0,0.0,Rad,GAGGGATGTCATCCGG-1,0.9997703920555652,0.7887653860702974,stem-2
GAGGGATTCAGCAGAG-1,3910,16655.0,0.07511258,0.25067547,0.0,0.0,0.0,Rad,GAGGGATTCAGCAGAG-1,0.1406348659663624,0.3037740165912069,stem-1
GAGTCATAGAACAGGA-1,4018,38822.0,0.015790015,0.045721497,0.0,0.0,0.0,Rad,GAGTCATAGAACAGGA-1,0.0343837896791228,0.1581906643110585,z_paneth
GAGTCATAGCCGCTTG-1,6400,61927.0,0.03578407,0.34308138,0.0,0.0,0.0,Rad,GAGTCATAGCCGCTTG-1,0.5895757993226566,0.6270639920693521,stem-2
GAGTCATGTATAATGG-1,3119,10554.0,0.03619481,0.20911503,0.0,0.0,0.0,Rad,GAGTCATGTATAATGG-1,0.1346076574249469,0.2780072203266445,stem-1
GAGTCTAAGCAACAGC-1,7081,79885.0,0.037503913,0.28831446,0.0,0.0,0.0,Rad,GAGTCTAAGCAACAGC-1,0.1197405430227886,0.5391686851010711,stem-2
GAGTTTGTCGTAGGGA-1,5240,26731.0,0.075492874,0.13093412,0.7524969,0.7524969,0.7524969,Rad,GAGTTTGTCGTAGGGA-1,0.3388439239997703,0.5539706475457493,stem-1
GATAGAATCAACGCTA-1,6421,78680.0,0.041420944,0.30898577,0.0,0.0,0.0,Rad,GATAGAATCAACGCTA-1,0.1864990528672292,0.4106864303996584,stem-2
GATAGAATCCGTAGGC-1,5300,25384.0,0.0185156,0.08040498,0.0,0.0,0.0,Rad,GATAGAATCCGTAGGC-1,0.0220423626657482,0.177772280606365,secretory-2
GATAGCTGTGCCCACA-1,7299,85192.0,0.031575736,0.23009203,0.0,0.0,0.0,Rad,GATAGCTGTGCCCACA-1,0.7990930486194823,0.8496022889997124,stem-2
GATAGCTGTGTGTCGC-1,4158,12219.0,0.062852934,0.13102545,0.0,0.0,0.0,Rad,GATAGCTGTGTGTCGC-1,0.1401756500774927,0.3419581748516335,stem-1
GATCACATCTCGCTCA-1,6585,55551.0,0.073734045,0.26422566,0.0,0.0,0.0,Rad,GATCACATCTCGCTCA-1,0.8725101888525343,0.4548698068645672,stem-2
GATCAGTAGCGATCGA-1,5358,26751.0,0.027812045,0.1382752,0.0,0.0,0.0,Rad,GATCAGTAGCGATCGA-1,0.0197462832213994,0.2730129163335811,secretory-2
GATCAGTAGTCGAATA-1,5262,22331.0,0.054722134,0.13049124,0.0,0.0,0.0,Rad,GATCAGTAGTCGAATA-1,0.0225589805407267,0.1759441649625395,secretory-2
GATCCCTAGTTCAACC-1,5854,33488.0,0.018275203,0.1038581,0.0,0.0,0.0,Rad,GATCCCTAGTTCAACC-1,0.0211813328741174,0.2858936487723507,secretory-2
GATCGTAAGGGTAATT-1,2447,11945.0,0.0014231896,0.011720385,0.0,0.0,0.0,Rad,GATCGTAAGGGTAATT-1,0.1230698582170943,0.1939349380739913,absorbitive-2
GATGACTAGCTAGAAT-1,2987,8254.0,0.023746062,0.03574025,0.0,0.0,0.0,Rad,GATGACTAGCTAGAAT-1,0.1219218184949199,0.2837817847972328,absorbitive-2
GATGCTAAGACGGATC-1,5345,25139.0,0.03508493,0.08194439,0.0,0.0,0.0,Rad,GATGCTAAGACGGATC-1,0.0202054991102692,0.201401844891147,stem-1
GATGTTGAGCTAGATA-1,6357,49713.0,0.049725424,0.25530544,0.0,0.0,0.0,Rad,GATGTTGAGCTAGATA-1,0.4363124964123758,0.2932001202871678,stem-1
GATTGGTAGTAGCCAG-1,2444,9109.0,0.09474146,0.22164892,0.0,0.0,0.0,Rad,GATTGGTAGTAGCCAG-1,0.1428161414384937,0.3163226573490986,stem-2
GCAACATAGGCGAACT-1,5416,25638.0,0.024455886,0.110812075,0.0,0.0,0.0,Rad,GCAACATAGGCGAACT-1,0.0151541243327019,0.1801402960647438,secretory-2
GCAACATCACTGTCGG-1,3495,22170.0,0.00031574199,0.18732521,0.0,0.0,0.0,Rad,GCAACATCACTGTCGG-1,0.1530336949658458,0.5396646507911723,absorbitive-1
GCAACATGTCGTACAT-1,7112,77087.0,0.033170313,0.31840646,0.121972956,0.121972956,0.121972956,Rad,GCAACATGTCGTACAT-1,0.9994833821250216,0.7820893238101448,stem-2
GCACGGTGTGTAACGG-1,6084,55905.0,0.070906,0.26668456,0.0,0.0,0.0,Rad,GCACGGTGTGTAACGG-1,0.7801503932036048,0.5556187918764197,stem-2
GCACGGTGTTATTCCT-1,4287,31241.0,0.00038411064,0.35286963,0.0,0.0,0.0,Rad,GCACGGTGTTATTCCT-1,0.998564950347282,0.7775200764181679,stem-2
GCAGCCATCCCAATAG-1,3326,9525.0,0.024041995,0.05165354,0.0,0.0,0.0,Rad,GCAGCCATCCCAATAG-1,0.1115320590092417,0.2535250682815491,stem-1
GCAGTTATCGGCAGTC-1,4675,49845.0,0.025097802,0.12105527,0.0,0.0,0.0,Rad,GCAGTTATCGGCAGTC-1,0.0408702141094081,0.1974584275724798,z_paneth
GCATCGGAGGTGCAGT-1,1584,3157.0,0.022489706,0.23091543,0.0,0.0,0.0,Rad,GCATCGGAGGTGCAGT-1,0.1246771138281384,0.4464825345988123,stem-1
GCATGATAGCACTAGG-1,6076,54740.0,0.045268543,0.2230179,0.0,0.0,0.0,Rad,GCATGATAGCACTAGG-1,0.0888008725101888,0.433648010796608,stem-1
GCATGATAGGCTTCCG-1,5407,44123.0,0.08417378,0.21102373,0.0,0.0,0.0,Rad,GCATGATAGGCTTCCG-1,0.4079559152746685,0.4595540612759983,absorbitive-2
GCCAACGTCCGTAATG-1,5326,33398.0,0.042487573,0.25893766,0.0,0.0,0.0,Rad,GCCAACGTCCGTAATG-1,0.410711210607887,0.4463031739431728,stem-1
GCCCAGATCCGAAATC-1,1954,4823.0,0.028820237,0.10553598,0.0,0.0,0.0,Rad,GCCCAGATCCGAAATC-1,0.11698524768957,0.2511194864234147,absorbitive-1
GCCCGAAAGACAACTA-1,4374,20902.0,0.07386853,0.26935223,0.0,0.0,0.0,Rad,GCCCGAAAGACAACTA-1,0.4294242580793295,0.7188533273571349,stem-2
GCCTGTTCAGGTAGTG-1,5516,48197.0,0.047347344,0.32261345,0.0,0.0,0.0,Rad,GCCTGTTCAGGTAGTG-1,0.9981631364445208,0.7218412535116691,stem-2
GCCTGTTTCGCCAATA-1,6668,72333.0,0.03919373,0.31570652,0.0,0.0,0.0,Rad,GCCTGTTTCGCCAATA-1,0.3533092244991677,0.6213853149062307,stem-2
GCGAGAACATGTTCGA-1,1740,3697.0,0.00649175,0.22261293,0.0,0.0,0.0,Rad,GCGAGAACATGTTCGA-1,0.1196831410366798,0.4299024364004208,stem-1
GCGGAAAAGTAGCTCT-1,6698,79941.0,0.02212882,0.30772695,0.0,0.0,0.0,Rad,GCGGAAAAGTAGCTCT-1,0.999827794041674,0.7549754202893381,stem-2
GCGGATCTCGCGTCGA-1,4704,21319.0,0.021483185,0.064590275,0.0,0.0,0.0,Rad,GCGGATCTCGCGTCGA-1,0.0052809827220021,0.2304728813074972,secretory-2
GCTTCACGTGTTTGCA-1,5506,39655.0,0.07179423,0.24170975,0.0,0.0,0.0,Rad,GCTTCACGTGTTTGCA-1,0.289822627862924,0.4957492068243443,stem-2
GCTTTCGGTTGGTGTT-1,5601,27791.0,0.020978015,0.08308445,0.0,0.0,0.0,Rad,GCTTTCGGTTGGTGTT-1,0.0191148613742035,0.2453524503110795,secretory-2
GGACGTCGTGCGGTAA-1,4921,26142.0,0.025744013,0.10565374,0.0,0.0,0.0,Rad,GGACGTCGTGCGGTAA-1,0.0186556454853337,0.2646279580680958,secretory-2
GGACGTCTCCATTGCC-1,5659,49139.0,0.038523372,0.35255092,0.0,0.0,0.0,Rad,GGACGTCTCCATTGCC-1,0.9911600941392572,0.4555995118605647,stem-1
GGAGAACCAAGATCCT-1,6801,81394.0,0.027545027,0.21894734,0.0,0.0,0.0,Rad,GGAGAACCAAGATCCT-1,0.0731875322886171,0.4012677644891302,stem-1
GGAGCAACACAGGATG-1,2629,6314.0,0.009502692,0.2027241,0.0,0.0,0.0,Rad,GGAGCAACACAGGATG-1,0.1459732506744733,0.4434555650531601,stem-2
GGCACGTAGAGGGTAA-1,5589,32413.0,0.04883843,0.24919014,0.0,0.0,0.0,Rad,GGCACGTAGAGGGTAA-1,0.2649101658917399,0.8712366470709767,stem-2
GGCACGTCAAATACGA-1,2937,31063.0,0.0058912532,0.010623571,0.0,0.0,0.0,Rad,GGCACGTCAAATACGA-1,0.0285861890821422,0.1757861759365978,stem-1
GGCGTCACAACGGCCT-1,1607,5558.0,0.0604534,0.039942425,0.0,0.0,0.0,Rad,GGCGTCACAACGGCCT-1,0.1242752999253774,0.3443578333434209,absorbitive-2
GGCGTCAGTCATAAAG-1,5301,30208.0,0.02032574,0.07537738,0.0,0.0,0.0,Rad,GGCGTCAGTCATAAAG-1,0.0090695138051776,0.3005005320891721,stem-1
GGCTTGGAGGTAGTCG-1,5557,30344.0,0.023431322,0.09507646,0.0,0.0,0.0,Rad,GGCTTGGAGGTAGTCG-1,0.019631479249182,0.2590649304937648,secretory-2
GGCTTGGTCTCGCCTA-1,5725,41574.0,0.03805263,0.23683071,0.0,0.0,0.0,Rad,GGCTTGGTCTCGCCTA-1,0.3763848229148728,0.5822773289993011,stem-2
GGGACCTAGTACTGTC-1,4544,30145.0,0.037585005,0.29391277,0.0,0.0,0.0,Rad,GGGACCTAGTACTGTC-1,0.8428907640204351,0.8437847258757285,stem-2
GGGACCTTCGCCTCTA-1,1760,9541.0,0.07514936,0.0024106489,0.0,0.0,0.0,Rad,GGGACCTTCGCCTCTA-1,0.0292176109293381,0.1203365395832198,absorbitive-2
GGGACTCCACCGGTCA-1,1751,23535.0,0.014489058,0.0038240917,0.0,0.0,0.0,Rad,GGGACTCCACCGGTCA-1,0.0279547672349463,0.1469956266977373,stem-1
GGGACTCCACGACAGA-1,3360,36725.0,0.00825051,0.015357386,0.0,0.0,0.0,Rad,GGGACTCCACGACAGA-1,0.0297342288043166,0.1757242178845699,stem-1
GGGACTCTCTGTCAGA-1,2978,29562.0,0.003551857,0.011501252,0.0,0.0,0.0,Rad,GGGACTCTCTGTCAGA-1,0.0272085414155329,0.1647084302942583,stem-1
GGGATCCTCAGACAAA-1,6080,31877.0,0.050569378,0.18044358,0.0,0.0,0.0,Rad,GGGATCCTCAGACAAA-1,0.1867860627977728,0.7644832071292793,stem-2
GGGATGAAGATTAGAC-1,2400,5635.0,0.0124223605,0.1905945,0.0,0.0,0.0,Rad,GGGATGAAGATTAGAC-1,0.1240456919809425,0.5322881617076157,stem-1
GGGCCATGTGAACGGT-1,5460,29076.0,0.021942496,0.09822534,0.29559538,0.29559538,0.29559538,Rad,GGGCCATGTGAACGGT-1,0.020435107054704,0.2329146108843916,secretory-2
GGGCGTTCAGAAACCG-1,6164,57990.0,0.044904295,0.26704603,0.0,0.0,0.0,Rad,GGGCGTTCAGAAACCG-1,0.7609781298432926,0.4900201569916643,stem-2
GGGCTCACATCTCCCA-1,5249,27233.0,0.05177542,0.08148202,0.0,0.0,0.0,Rad,GGGCTCACATCTCCCA-1,0.0208943229435738,0.272294572574938,secretory-2
GGGTAGAAGGTAGGCT-1,5372,29126.0,0.03783561,0.08301861,0.0,0.0,0.0,Rad,GGGTAGAAGGTAGGCT-1,0.0173353998048332,0.2241936362221743,secretory-2
GGGTATTAGCCGGATA-1,4883,22968.0,0.030041797,0.14633404,0.0,0.0,0.0,Rad,GGGTATTAGCCGGATA-1,0.1371907467998392,0.3442819225231804,absorbitive-1
GGGTATTCACCTCTAC-1,5235,22251.0,0.029886298,0.15077974,1.0287876,1.0287876,1.0287876,Rad,GGGTATTCACCTCTAC-1,0.0692841972332242,0.3695471443016123,stem-1
GGGTTATAGCCGTCGT-1,1530,4875.0,0.021128206,0.019692307,0.0,0.0,0.0,Rad,GGGTTATAGCCGTCGT-1,0.1249067217725733,0.2953530932974241,absorbitive-2
GGGTTATAGTGGTGAC-1,2352,5685.0,0.086191736,0.0941073,0.0,0.0,0.0,Rad,GGGTTATAGTGGTGAC-1,0.1203719648699845,0.2874293118524619,stem-1
GGTAACTCATTACTCT-1,3918,33692.0,0.00047489017,0.06277455,0.0,0.0,0.0,Rad,GGTAACTCATTACTCT-1,0.13805177659147,0.4062610240451804,absorbitive-2
GGTAGAGAGTCCGTCG-1,5756,30940.0,0.039269555,0.15617324,0.0,0.0,0.0,Rad,GGTAGAGAGTCCGTCG-1,0.0257160897767062,0.273709878462697,stem-1
GGTCACGAGGGCAAGG-1,4769,17496.0,0.028978052,0.09819388,0.0,0.0,0.0,Rad,GGTCACGAGGGCAAGG-1,0.0080936800413294,0.1883984070251858,secretory-2
GGTCTGGCAAAGAGTT-1,5431,22402.0,0.015712883,0.11061513,0.0,0.0,0.0,Rad,GGTCTGGCAAAGAGTT-1,0.0135468687216577,0.2376099584994156,secretory-2
GGTGAAGAGAGCCATG-1,5085,29604.0,0.02506418,0.10559384,0.0,0.0,0.0,Rad,GGTGAAGAGAGCCATG-1,0.017794615693703,0.2848628916037133,stem-1
GGTGAAGGTGAGCTCC-1,6001,42341.0,0.06527951,0.24484542,0.0,0.0,0.0,Rad,GGTGAAGGTGAGCTCC-1,0.907755008323288,0.6288646704677525,stem-2
GGTGGCTGTTGATGTC-1,3763,34557.0,0.008999623,0.017854558,0.0,0.0,0.0,Rad,GGTGGCTGTTGATGTC-1,0.0308248665403822,0.1382299184830906,stem-1
GGTGGCTTCAGAGCAG-1,2628,7087.0,0.018625652,0.18780866,0.0,0.0,0.0,Rad,GGTGGCTTCAGAGCAG-1,0.1290396647724011,0.4503573914243432,stem-2
GGTGTCGGTTGGACCC-1,4007,43625.0,0.009787966,0.029868195,0.0,0.0,0.0,Rad,GGTGTCGGTTGGACCC-1,0.0316284943459043,0.1604955609265673,stem-1
GGTTAACAGGGCAAGG-1,6411,63054.0,0.03205189,0.31135216,0.0,0.0,0.0,Rad,GGTTAACAGGGCAAGG-1,0.6272315022099765,0.8753708292457293,stem-2
GTAAGTCCAGCCCACA-1,5661,25704.0,0.02466542,0.0935652,0.0,0.0,0.0,Rad,GTAAGTCCAGCCCACA-1,0.0202629010963779,0.2529758992235963,secretory-2
GTAATGCGTAATACCC-1,5630,46032.0,0.036996003,0.3092631,0.0,0.0,0.0,Rad,GTAATGCGTAATACCC-1,0.6294701796682165,0.6605057173373716,stem-2
GTACAACCATCTCATT-1,3525,12294.0,0.010655604,0.07467057,0.0,0.0,0.0,Rad,GTACAACCATCTCATT-1,0.0105045634578956,0.2366045425517085,secretory-2
GTACAGTAGACGCCCT-1,5788,24886.0,0.03130274,0.11681267,0.0,0.0,0.0,Rad,GTACAGTAGACGCCCT-1,0.0215257447907697,0.2689686859173341,secretory-2
GTAGAGGCAGAGGAAA-1,6383,54641.0,0.05495873,0.24175985,0.0,0.0,0.0,Rad,GTAGAGGCAGAGGAAA-1,0.9808851386257964,0.7258687199070526,stem-2
GTAGATCCAGATCATC-1,5540,31382.0,0.02632082,0.09129437,0.0,0.0,0.0,Rad,GTAGATCCAGATCATC-1,0.0213535388324436,0.3049056684043119,secretory-2
GTAGGAGCAGATAAAC-1,5404,22976.0,0.021413649,0.09309714,0.0,0.0,0.0,Rad,GTAGGAGCAGATAAAC-1,0.0142356925549624,0.201184539856931,secretory-2
GTAGTACGTGTTTACG-1,5447,33813.0,0.051282052,0.32360336,0.25908524,0.25908524,0.25908524,Rad,GTAGTACGTGTTTACG-1,0.7040927616095517,0.7832428405207404,stem-1
GTCAAACAGGCTTAGG-1,6104,63820.0,0.01682858,0.31842682,0.0,0.0,0.0,Rad,GTCAAACAGGCTTAGG-1,0.6743585328052351,0.5389777530707979,stem-2
GTCAAACGTTTGCCGG-1,6122,36465.0,0.03672014,0.25462773,0.60032254,0.60032254,0.60032254,Rad,GTCAAACGTTTGCCGG-1,0.7013948682624419,0.7990750520909131,stem-2
GTCAAACTCCTATTTG-1,5352,19831.0,0.01991831,0.08375775,0.0,0.0,0.0,Rad,GTCAAACTCCTATTTG-1,0.0133172607772228,0.2482397938291257,secretory-2
GTCACGGGTTGGAGAC-1,5996,70258.0,0.026929317,0.356358,0.0,0.0,0.0,Rad,GTCACGGGTTGGAGAC-1,0.5377992078525917,0.7203426738154584,stem-2
GTCAGCGAGAGCAGCT-1,3935,12975.0,0.05803468,0.060963392,0.0,0.0,0.0,Rad,GTCAGCGAGAGCAGCT-1,0.0115952011939613,0.2386747616051583,secretory-2
GTCAGCGAGTCCCGGT-1,3742,42050.0,0.015648037,0.027728895,0.0,0.0,0.0,Rad,GTCAGCGAGTCCCGGT-1,0.0340393777624705,0.188954995576726,stem-1
GTCATTTTCATGAAAG-1,5221,28215.0,0.028211944,0.087116785,0.0,0.0,0.0,Rad,GTCATTTTCATGAAAG-1,0.0210091269157912,0.1802186038886579,secretory-2
GTCATTTTCGTAACCA-1,5872,48862.0,0.040583685,0.17774549,0.0,0.0,0.0,Rad,GTCATTTTCGTAACCA-1,0.4112852304689742,0.5543154989004301,stem-2
GTCCACTAGTAGTCCT-1,5387,22871.0,0.017839186,0.07013248,0.0,0.0,0.0,Rad,GTCCACTAGTAGTCCT-1,0.0043051489581539,0.1535456188386661,secretory-2
GTCCACTCATGACTGT-1,4378,26579.0,0.02438015,0.2819143,0.0,0.0,0.0,Rad,GTCCACTCATGACTGT-1,0.6835428505826302,0.7393912957442739,stem-2
GTCCTCAAGACATACA-1,5441,25772.0,0.022970665,0.087265246,0.32787684,0.32787684,0.32787684,Rad,GTCCTCAAGACATACA-1,0.0166465759715286,0.2953885296728704,secretory-2
GTCCTCATCCTTCTGG-1,7287,81891.0,0.027988425,0.20772734,0.0,0.0,0.0,Rad,GTCCTCATCCTTCTGG-1,0.2950462085988175,0.5021543593557771,stem-2
GTCGCGACAAAGCACG-1,5531,33072.0,0.019502902,0.070694245,0.0,0.0,0.0,Rad,GTCGCGACAAAGCACG-1,0.0122266230411572,0.1478326988836423,secretory-2
GTCGCGATCAAGTGTC-1,6922,91910.0,0.042541616,0.31195736,0.0,0.0,0.0,Rad,GTCGCGATCAAGTGTC-1,0.786062797772803,0.4935073309505236,absorbitive-1
GTCGTAACAGACCAGA-1,2808,16730.0,0.005618649,0.011954573,0.0,0.0,0.0,Rad,GTCGTAACAGACCAGA-1,0.0268641294988806,0.1043976634177225,stem-1
GTCGTAATCCCGATCT-1,3912,16425.0,0.06916286,0.18910198,0.0,0.0,0.0,Rad,GTCGTAATCCCGATCT-1,0.1353538832443602,0.4089151584990229,stem-2
GTCGTAATCCGCACGA-1,5485,92900.0,0.012917115,0.09375673,0.0,0.0,0.0,Rad,GTCGTAATCCGCACGA-1,0.034555995637449,0.3363163787467564,z_paneth
GTCGTTCTCCACATAG-1,6442,62571.0,0.028495628,0.3232328,0.14826347,0.14826347,0.14826347,Rad,GTCGTTCTCCACATAG-1,0.7785431375925607,0.7906047448719777,stem-2
GTCTACCAGCTAAATG-1,1721,10566.0,0.0107893245,0.024701875,0.0,0.0,0.0,Rad,GTCTACCAGCTAAATG-1,0.0277251592905114,0.2444561948083883,stem-1
GTCTAGACATGACTGT-1,5911,58409.0,0.032066975,0.29187283,0.1580344,0.1580344,0.1580344,Rad,GTCTAGACATGACTGT-1,0.9993111761666954,0.7195220948596801,stem-2
GTCTAGATCTTACGGA-1,3147,25136.0,0.01300923,0.01746499,0.0,0.0,0.0,Rad,GTCTAGATCTTACGGA-1,0.0295046208598817,0.1971884191424405,secretory-1
GTGACGCAGCTCGGCT-1,5638,28560.0,0.030742297,0.23511904,0.0,0.0,0.0,Rad,GTGACGCAGCTCGGCT-1,0.1520578612019976,0.603584575778598,stem-1
GTGACGCCAATCGCAT-1,6386,38031.0,0.047303516,0.108990036,0.23344502,0.23344502,0.23344502,Rad,GTGACGCCAATCGCAT-1,0.1662935537569599,0.3949642639476901,stem-1
GTGACGCGTTAGAAGT-1,2867,12828.0,0.051839724,0.15606485,0.0,0.0,0.0,Rad,GTGACGCGTTAGAAGT-1,0.1347224613971643,0.3953636826026849,absorbitive-1
GTGAGGAGTGTCTTAG-1,1917,12073.0,0.011347636,0.05044314,0.0,0.0,0.0,Rad,GTGAGGAGTGTCTTAG-1,0.0313414844153607,0.2815241440380728,z_paneth
GTGCACGAGGTCCCTG-1,4664,30417.0,0.04760496,0.15300654,0.0,0.0,0.0,Rad,GTGCACGAGGTCCCTG-1,0.1642844842431548,0.29148728546538,stem-2
GTGCGTGAGTGGCGAT-1,3509,37212.0,0.008706869,0.016419435,0.0,0.0,0.0,Rad,GTGCGTGAGTGGCGAT-1,0.0281269731932724,0.131492075204321,stem-1
GTGCGTGTCCGATCGG-1,3013,28096.0,0.0067625283,0.007937073,0.0,0.0,0.0,Rad,GTGCGTGTCCGATCGG-1,0.0272659434016416,0.0534609193369147,stem-1
GTGGGAAGTAGCCCTG-1,4649,21560.0,0.05273655,0.09550093,0.65629846,0.65629846,0.65629846,Rad,GTGGGAAGTAGCCCTG-1,0.0610183112335686,0.2969295815621521,secretory-3
GTGGGAATCCACGGGT-1,6584,74118.0,0.03193556,0.325454,0.0,0.0,0.0,Rad,GTGGGAATCCACGGGT-1,0.9575225302795476,0.7328424674116852,stem-2
GTGGTTACAACCAATC-1,6903,63950.0,0.024331508,0.2461767,0.0,0.0,0.0,Rad,GTGGTTACAACCAATC-1,0.1142873543424602,0.7949349920908249,stem-1
GTGGTTAGTCCCGTGA-1,5014,23493.0,0.045290086,0.13348657,0.0,0.0,0.0,Rad,GTGGTTAGTCCCGTGA-1,0.016761379943746,0.2247664939929307,secretory-2
GTGGTTATCGTGGCTG-1,6609,72657.0,0.007239495,0.07940047,0.0,0.0,0.0,Rad,GTGGTTATCGTGGCTG-1,0.0293898168876643,0.293147985343193,stem-1
GTGTAACAGTACAACA-1,6358,66026.0,0.024232877,0.30380458,0.0,0.0,0.0,Rad,GTGTAACAGTACAACA-1,0.885655243671431,0.85965919124835,stem-2
GTGTAACAGTCTGCGC-1,5937,52430.0,0.034178905,0.29855046,0.0,0.0,0.0,Rad,GTGTAACAGTCTGCGC-1,0.9991389702083692,0.6248589556529804,stem-2
GTGTCCTTCGAAATCC-1,2576,8277.0,0.04905159,0.25190285,0.0,0.0,0.0,Rad,GTGTCCTTCGAAATCC-1,0.1442511910912117,0.6208158050260428,stem-2
GTGTGGCCAAGATTGA-1,1615,3245.0,0.0027734977,0.052696455,0.0,0.0,0.0,Rad,GTGTGGCCAAGATTGA-1,0.061764537052982,0.3049534975961747,stem-2
GTGTGGCGTATAGGAT-1,2309,11441.0,0.094047725,0.21571541,0.0,0.0,0.0,Rad,GTGTGGCGTATAGGAT-1,0.1370185408415131,0.4144234864268756,stem-2
GTGTTAGAGCTATCCA-1,5105,27891.0,0.054569576,0.22695494,0.0,0.0,0.0,Rad,GTGTTAGAGCTATCCA-1,0.2367257907123586,0.6360931547601213,stem-2
GTGTTCCTCGGCATTA-1,7115,66011.0,0.04696187,0.21543379,0.0,0.0,0.0,Rad,GTGTTCCTCGGCATTA-1,0.1827105217840537,0.3240976304389136,stem-1
GTTACAGGTGCCTATA-1,5386,29501.0,0.02372801,0.08382767,0.0,0.0,0.0,Rad,GTTACAGGTGCCTATA-1,0.0168187819298547,0.2213976867058014,secretory-2
GTTACCCTCATGCTAG-1,2926,15435.0,0.059345644,0.1936508,0.0,0.0,0.0,Rad,GTTACCCTCATGCTAG-1,0.1590609035072613,0.4944347544884526,absorbitive-1
GTTACGACATATGGCT-1,6465,57982.0,0.045100205,0.27458522,0.0,0.0,0.0,Rad,GTTACGACATATGGCT-1,0.8299179151598646,0.6831215786126004,stem-2
GTTATGGCATGGAAGC-1,6441,68978.0,0.040302705,0.29493463,0.13538171,0.13538171,0.13538171,Rad,GTTATGGCATGGAAGC-1,0.9052293209345044,0.5202525089515023,stem-1
GTTCATTCAGCGACAA-1,1603,9940.0,0.005331992,0.03138833,0.0,0.0,0.0,Rad,GTTCATTCAGCGACAA-1,0.0305378566098387,0.2019040578272561,z_paneth
GTTCCGTAGCGTTGTT-1,7051,74193.0,0.04836036,0.2738129,0.0,0.0,0.0,Rad,GTTCCGTAGCGTTGTT-1,0.9992537741805868,0.707977573074755,stem-2
GTTCCGTTCGACTCCT-1,6257,53491.0,0.04391393,0.2751678,0.0,0.0,0.0,Rad,GTTCCGTTCGACTCCT-1,0.9730784685150106,0.5631464909991798,stem-2
GTTCCGTTCGCAACAT-1,3192,25543.0,0.058920253,0.35751477,0.0,0.0,0.0,Rad,GTTCCGTTCGCAACAT-1,0.3206474944033063,0.6419945032460249,stem-2
GTTCTATGTGTTCCTC-1,1889,8206.0,0.05520351,0.32841823,0.0,0.0,0.0,Rad,GTTCTATGTGTTCCTC-1,0.1450548188967338,0.4917410054703927,stem-2
GTTGAACAGGATACAT-1,6263,38875.0,0.016926045,0.061041802,0.0,0.0,0.0,Rad,GTTGAACAGGATACAT-1,0.0199758911658343,0.2084126709464386,stem-1
GTTGAACCAGATACCT-1,5492,27614.0,0.026508292,0.10219454,0.0,0.0,0.0,Rad,GTTGAACCAGATACCT-1,0.0128006429022444,0.2027835959507785,secretory-2
GTTGTAGGTTACCGTA-1,2213,20102.0,0.006964481,0.011292409,0.0,0.0,0.0,Rad,GTTGTAGGTTACCGTA-1,0.0274381493599678,0.141184531847657,stem-1
GTTGTGAGTCATAACC-1,2384,8699.0,0.011725485,0.024140706,0.0,0.0,0.0,Rad,GTTGTGAGTCATAACC-1,0.1262269674530738,0.2836577583051239,absorbitive-2
GTTTACTCACGGAAGT-1,5444,31926.0,0.015629895,0.089081,0.0,0.0,0.0,Rad,GTTTACTCACGGAAGT-1,0.0178520176798117,0.2017161215035135,secretory-2
GTTTGGACAGTGGTGA-1,2455,11450.0,0.00034934498,0.013886463,0.0,0.0,0.0,Rad,GTTTGGACAGTGGTGA-1,0.1215774065782676,0.3299223446621162,absorbitive-2
TAAGCACAGACAGTCG-1,7077,70502.0,0.02947434,0.2969845,0.0,0.0,0.0,Rad,TAAGCACAGACAGTCG-1,0.9942023994030194,0.7936436831048164,stem-2
TAAGCACTCCAAAGGG-1,5137,21696.0,0.026226033,0.078125,0.0,0.0,0.0,Rad,TAAGCACTCCAAAGGG-1,0.0164169680270937,0.2756731282509974,secretory-2
TAAGCGTCAATCGCAT-1,3150,15704.0,0.01693836,0.28903463,0.0,0.0,0.0,Rad,TAAGCGTCAATCGCAT-1,0.9825497962229494,0.7417025732278819,stem-2
TAAGCGTCAGTCCCGA-1,1688,9238.0,0.04297467,0.0038969475,0.0,0.0,0.0,Rad,TAAGCGTCAGTCCCGA-1,0.0338671718041444,0.1416439220198073,absorbitive-2
TAAGTCGCATGCCATA-1,4707,25184.0,0.018225858,0.04538596,0.0,0.0,0.0,Rad,TAAGTCGCATGCCATA-1,0.0005740198610871936,0.1844827605210847,secretory-2
TAAGTCGTCCCGTGTT-1,5233,24911.0,0.01862631,0.0982297,0.0,0.0,0.0,Rad,TAAGTCGTCCCGTGTT-1,0.0131450548188967,0.2340440909186823,secretory-2
TAATCTCCACATTCGA-1,4380,46763.0,0.09062721,0.0066291727,0.0,0.0,0.0,Rad,TAATCTCCACATTCGA-1,0.0653808621778313,0.0511530235805519,absorbitive-2
TAATCTCGTAGTGGCA-1,6905,74636.0,0.022871,0.27230826,0.0,0.0,0.0,Rad,TAATCTCGTAGTGGCA-1,0.6948510418460478,0.9519453170562204,stem-2
TAATCTCTCTCCCTAG-1,7127,71654.0,0.024269406,0.254431,0.13064183,0.13064183,0.13064183,Rad,TAATCTCTCTCCCTAG-1,0.537110384019287,0.8425138192336427,stem-2
TAATTCCCAGCTAACT-1,5558,29910.0,0.029789368,0.08294885,0.0,0.0,0.0,Rad,TAATTCCCAGCTAACT-1,0.0176224097353768,0.2136344358611943,secretory-2
TAATTCCTCAGACCTA-1,2402,13900.0,0.0007913669,0.04741007,0.0,0.0,0.0,Rad,TAATTCCTCAGACCTA-1,0.1323115779805981,0.4087916945803901,absorbitive-2
TACAACGTCCCTTTGG-1,5920,34678.0,0.01963781,0.05830786,0.0,0.0,0.0,Rad,TACAACGTCCCTTTGG-1,0.0159003501521152,0.2187598674863745,stem-1
TACAGGTCAATTGCCA-1,3206,18049.0,0.016843038,0.1439969,0.0,0.0,0.0,Rad,TACAGGTCAATTGCCA-1,0.1384535904942311,0.378210471731818,absorbitive-2
TACCCACCAGGCTACC-1,6769,61051.0,0.038099293,0.2597828,0.283369,0.283369,0.283369,Rad,TACCCACCAGGCTACC-1,0.999368578152804,0.8296328894272644,stem-2
TACCGAATCTATCGGA-1,7399,83379.0,0.030043537,0.3038295,0.11327,0.11327,0.11327,Rad,TACCGAATCTATCGGA-1,0.9995981860972388,0.6845783239274882,stem-2
TACCTGCAGTGCAGCA-1,3278,20308.0,0.0006893835,0.016249754,0.0,0.0,0.0,Rad,TACCTGCAGTGCAGCA-1,0.1251937317031169,0.1935390533368437,absorbitive-2
TACTGCCGTAAGATCA-1,4764,14757.0,0.024462966,0.09256624,0.0,0.0,0.0,Rad,TACTGCCGTAAGATCA-1,0.0144078985132885,0.2679226199120933,secretory-2
TACTGCCTCGAGGCAA-1,5155,25471.0,0.014094461,0.07581171,0.0,0.0,0.0,Rad,TACTGCCTCGAGGCAA-1,0.001836863555479,0.2426149163844,secretory-2
TACTTGTAGACCAGAC-1,2595,18184.0,0.000549934,0.23603168,0.0,0.0,0.0,Rad,TACTTGTAGACCAGAC-1,0.1453992308133861,0.4254705605977359,stem-2
TACTTGTAGGTTAGTA-1,4493,25481.0,0.044739217,0.2548958,0.0,0.0,0.0,Rad,TACTTGTAGGTTAGTA-1,0.1532059009241719,0.2728632530408534,absorbitive-1
TAGACTGCAAGCACCC-1,5296,36197.0,0.04735199,0.40296158,0.74434584,0.74434584,0.74434584,Rad,TAGACTGCAAGCACCC-1,0.4631766259112565,0.6920396322351732,stem-1
TAGATCGAGCAGTAAT-1,3873,14456.0,0.04496403,0.2731046,0.0,0.0,0.0,Rad,TAGATCGAGCAGTAAT-1,0.182653119797945,0.6280270208760146,stem-2
TAGATCGAGTTTGCTG-1,6335,71683.0,0.038921364,0.30425623,0.0,0.0,0.0,Rad,TAGATCGAGTTTGCTG-1,0.999196372194478,0.6343675913047877,stem-2
TAGATCGTCTGATGGT-1,5675,45053.0,0.054003064,0.2151688,0.0,0.0,0.0,Rad,TAGATCGTCTGATGGT-1,0.1048734286206302,0.3682549233460508,stem-1
TAGGAGGGTCGACTTA-1,1859,6623.0,0.00437868,0.027178016,0.0,0.0,0.0,Rad,TAGGAGGGTCGACTTA-1,0.1154353940646346,0.2984494102882546,absorbitive-2
TAGGAGGGTTGCTAGT-1,7024,89133.0,0.026039738,0.29037505,0.0,0.0,0.0,Rad,TAGGAGGGTTGCTAGT-1,0.8346822800068883,0.9128847733984612,stem-2
TAGGAGGGTTTCACAG-1,5521,29588.0,0.025584696,0.09919562,0.0,0.0,0.0,Rad,TAGGAGGGTTTCACAG-1,0.0201480971241604,0.314936265775404,secretory-2
TAGGTTGAGGACTATA-1,2793,40381.0,0.0027735815,0.06498106,0.0,0.0,0.0,Rad,TAGGTTGAGGACTATA-1,0.0270937374433155,0.2937633018457541,secretory-1
TAGTGCACAGTTCTAG-1,4500,18404.0,0.037274506,0.06188872,0.0,0.0,0.0,Rad,TAGTGCACAGTTCTAG-1,0.0020090695138051,0.2710436868801606,secretory-2
TATCAGGGTGGCAGAT-1,5660,24224.0,0.024149604,0.105391346,0.0,0.0,0.0,Rad,TATCAGGGTGGCAGAT-1,0.016359566040985,0.2149710996423817,secretory-2
TATCCTATCATCGGGC-1,5390,30472.0,0.020773169,0.09362694,0.0,0.0,0.0,Rad,TATCCTATCATCGGGC-1,0.0128580448883531,0.229702840922358,secretory-2
TATCCTATCCCAAGTA-1,5390,33851.0,0.06103217,0.26817524,0.0,0.0,0.0,Rad,TATCCTATCCCAAGTA-1,0.4176568509270421,0.5534107514718988,stem-2
TATCTTGAGCGGACAT-1,3722,13790.0,0.0064539523,0.27722988,0.0,0.0,0.0,Rad,TATCTTGAGCGGACAT-1,0.1720911543539406,0.5802263533409189,stem-2
TCAAGACAGGGATCGT-1,2957,14289.0,0.04143047,0.1639023,0.0,0.0,0.0,Rad,TCAAGACAGGGATCGT-1,0.1441363871189943,0.3586580855448114,absorbitive-1
TCAAGCATCAACTACG-1,2454,5917.0,0.0032110866,0.07655907,0.0,0.0,0.0,Rad,TCAAGCATCAACTACG-1,0.0439125193731703,0.5505289358945032,stem-1
TCAAGTGGTAACTGCT-1,5130,39625.0,0.043331232,0.32653627,0.0,0.0,0.0,Rad,TCAAGTGGTAACTGCT-1,0.9334710980999944,0.7121493187768987,stem-2
TCACAAGAGAAGTCTA-1,5136,35839.0,0.043137364,0.28150898,0.0,0.0,0.0,Rad,TCACAAGAGAAGTCTA-1,0.6879054015268928,0.5053450912930358,stem-1
TCACAAGTCCCAGTGG-1,1797,4095.0,0.005860806,0.1907204,0.0,0.0,0.0,Rad,TCACAAGTCCCAGTGG-1,0.1213477986338327,0.5201412995988312,stem-2
TCACGCTAGATTAGTG-1,1618,9103.0,0.009447435,0.029001428,0.0,0.0,0.0,Rad,TCACGCTAGATTAGTG-1,0.0271511394294242,0.2289414348127552,z_paneth
TCAGCAACAACATCGT-1,3490,22903.0,0.0016591713,0.24987993,0.0,0.0,0.0,Rad,TCAGCAACAACATCGT-1,0.2125595545605878,0.5775107656941569,absorbitive-1
TCAGCAATCCAGTACA-1,3397,37174.0,0.006294722,0.011136816,0.0,0.0,0.0,Rad,TCAGCAATCCAGTACA-1,0.0304230526376212,0.1560652821346766,secretory-1
TCAGGGCAGGGACCAT-1,1921,9551.0,0.0014658151,0.0093183955,0.0,0.0,0.0,Rad,TCAGGGCAGGGACCAT-1,0.1126226967453074,0.2048469212929215,absorbitive-2
TCAGGTAAGCCGGAAT-1,3735,13137.0,0.009362868,0.20781,0.0,0.0,0.0,Rad,TCAGGTAAGCCGGAAT-1,0.1483841340910395,0.5043921235242206,stem-2
TCAGGTAAGGAGAGTA-1,3255,28387.0,0.00986367,0.018740973,0.0,0.0,0.0,Rad,TCAGGTAAGGAGAGTA-1,0.0283565811377073,0.1311474714088717,stem-1
TCAGGTATCCAACCGG-1,5336,30305.0,0.028114172,0.10255733,0.0,0.0,0.0,Rad,TCAGGTATCCAACCGG-1,0.0143504965271798,0.2448470215043748,secretory-2
TCAGGTATCCTGTAAG-1,1837,6830.0,0.08169839,0.33367497,0.0,0.0,0.0,Rad,TCAGGTATCCTGTAAG-1,0.1280638310085529,0.3616760096188648,stem-2
TCAGTTTCAAAGAGTT-1,6956,67229.0,0.025747817,0.2542504,0.0,0.0,0.0,Rad,TCAGTTTCAAAGAGTT-1,0.7241260547614947,0.6832661434385475,stem-2
TCAGTTTGTGGATACG-1,6538,77075.0,0.030424912,0.33218294,0.0,0.0,0.0,Rad,TCAGTTTGTGGATACG-1,0.9987371563056082,0.7969051779751407,stem-2
TCATACTAGTAGTCCT-1,2029,4503.0,0.029535865,0.23228958,0.0,0.0,0.0,Rad,TCATACTAGTAGTCCT-1,0.00011480397221743872,0.3706381505439071,stem-1
TCATACTGTTATGACC-1,3110,14434.0,0.047457393,0.36178467,0.0,0.0,0.0,Rad,TCATACTGTTATGACC-1,0.6997302106652891,0.7020028614532636,stem-2
TCATCATTCGAGCACC-1,7101,80716.0,0.03933545,0.27166855,0.0,0.0,0.0,Rad,TCATCATTCGAGCACC-1,0.587853739739395,0.6414329617236106,stem-2
TCATTCATCCAACCGG-1,3962,24451.0,0.0011451475,0.12821561,0.0,0.0,0.0,Rad,TCATTCATCCAACCGG-1,0.1581424717295218,0.4505456032780321,absorbitive-2
TCATTGTTCGACGCTG-1,6356,63411.0,0.0363817,0.22762612,0.0,0.0,0.0,Rad,TCATTGTTCGACGCTG-1,0.1635956604098501,0.273586252415228,absorbitive-1
TCCACGTCAGCAGTAG-1,6576,53654.0,0.049334627,0.28072464,0.0,0.0,0.0,Rad,TCCACGTCAGCAGTAG-1,0.8738878365191436,0.820878153060158,stem-2
TCCACGTCATATTCGG-1,3620,42225.0,0.008265246,0.01518058,0.0,0.0,0.0,Rad,TCCACGTCATATTCGG-1,0.0282991791515986,0.1388279095356183,stem-1
TCCAGAATCCGATGCG-1,3585,38439.0,0.08918026,0.0041104085,0.0,0.0,0.0,Rad,TCCAGAATCCGATGCG-1,0.0335801618736008,0.0439706645772649,absorbitive-2
TCCCACAAGCCTCACG-1,2212,22377.0,0.0103231,0.01671359,0.0,0.0,0.0,Rad,TCCCACAAGCCTCACG-1,0.027610355318294,0.2189421111832775,stem-1
TCCCATGCATGGACAG-1,3816,24548.0,0.029248819,0.28140786,0.0,0.0,0.0,Rad,TCCCATGCATGGACAG-1,0.1494747718271052,0.4350121331579452,stem-1
TCCGATCCACATTCGA-1,5564,58427.0,0.014907491,0.04795728,0.0,0.0,0.0,Rad,TCCGATCCACATTCGA-1,0.1346650594110556,0.1839390201927068,absorbitive-2
TCCGATCGTCGAAGCA-1,2536,6982.0,0.079346895,0.066026926,0.0,0.0,0.0,Rad,TCCGATCGTCGAAGCA-1,0.1095229894954365,0.2833353765605157,absorbitive-1
TCCGATCGTCTTGCGG-1,4366,18175.0,0.024209078,0.10718019,0.0,0.0,0.0,Rad,TCCGATCGTCTTGCGG-1,0.0149819183743757,0.266386603157034,secretory-2
TCCTAATCAGGCCTGT-1,1706,4069.0,0.013271074,0.056524944,0.0,0.0,0.0,Rad,TCCTAATCAGGCCTGT-1,0.1195109350783537,0.3241699435446614,absorbitive-2
TCCTCGAGTTCGAACT-1,5058,16249.0,0.02572466,0.056495786,0.0,0.0,0.0,Rad,TCCTCGAGTTCGAACT-1,0.0051661787497847,0.185278051820727,secretory-2
TCCTCGATCGTAACTG-1,1742,11581.0,0.07365513,0.036957085,0.0,0.0,0.0,Rad,TCCTCGATCGTAACTG-1,0.0296768268182079,0.2909792543825433,stem-1
TCCTTCTTCCCGATCT-1,5692,27737.0,0.016079605,0.08151566,0.0,0.0,0.0,Rad,TCCTTCTTCCCGATCT-1,0.0082658859996555,0.2409229952069704,secretory-2
TCCTTTCAGATAACAC-1,1505,4444.0,0.0015751575,0.047029704,0.0,0.0,0.0,Rad,TCCTTTCAGATAACAC-1,0.1243327019114861,0.3554077675262738,absorbitive-2
TCCTTTCAGTGGTTGG-1,7183,85174.0,0.03598516,0.2627797,0.0,0.0,0.0,Rad,TCCTTTCAGTGGTTGG-1,0.640835772917743,0.9736473518265676,stem-2
TCCTTTCGTATTGGCT-1,6839,61045.0,0.059546236,0.2931444,0.0,0.0,0.0,Rad,TCCTTTCGTATTGGCT-1,0.9757763618621204,0.498383042767071,stem-2
TCGCACTCAACTCATG-1,5755,26057.0,0.024484783,0.09767049,0.0,0.0,0.0,Rad,TCGCACTCAACTCATG-1,0.0206647149991389,0.2009282217608531,secretory-2
TCGCACTGTTTGAACC-1,5889,30983.0,0.027789433,0.11077042,0.0,0.0,0.0,Rad,TCGCACTGTTTGAACC-1,0.0216979507490959,0.2448206848147809,secretory-2
TCGCTTGAGCGTCAAG-1,2214,10708.0,0.0011206574,0.014475158,0.0,0.0,0.0,Rad,TCGCTTGAGCGTCAAG-1,0.124562309855921,0.2392354941151512,absorbitive-2
TCGCTTGTCTTTGCGC-1,6935,70817.0,0.06672127,0.2920203,0.0,0.0,0.0,Rad,TCGCTTGTCTTTGCGC-1,0.9866253372366685,0.6454796309771391,stem-2
TCGGATAAGATTCGAA-1,2394,10656.0,0.0145457955,0.27712086,0.0,0.0,0.0,Rad,TCGGATAAGATTCGAA-1,0.1735262040066586,0.5167049129442545,stem-2
TCGGGACAGACAGCTG-1,5395,38024.0,0.018988008,0.067772985,0.0,0.0,0.0,Rad,TCGGGACAGACAGCTG-1,0.0152115263188106,0.207285145713333,stem-1
TCGTAGATCTTGCGCT-1,3771,31699.0,0.00028392064,0.025552856,0.0,0.0,0.0,Rad,TCGTAGATCTTGCGCT-1,0.1300154985362493,0.3320064007512644,absorbitive-2
TCGTCCACAAGTATCC-1,3025,8225.0,0.016413374,0.16085106,0.0,0.0,0.0,Rad,TCGTCCACAAGTATCC-1,0.1406922679524711,0.3314491618127772,stem-2
TCGTCCATCTGAGCAT-1,6687,82997.0,0.026567224,0.3199393,0.0,0.0,0.0,Rad,TCGTCCATCTGAGCAT-1,0.452040640606165,0.4976230752033991,stem-2
TCGTGCTAGCAGTAAT-1,5959,31563.0,0.037765738,0.0919431,0.0,0.0,0.0,Rad,TCGTGCTAGCAGTAAT-1,0.1411514838413409,0.4465028559626485,absorbitive-1
TCGTGCTCACTAACGT-1,5168,20782.0,0.02680204,0.13747473,0.0,0.0,0.0,Rad,TCGTGCTCACTAACGT-1,0.0210665289019,0.2473971800660858,secretory-2
TCGTGGGCAAATGGAT-1,1563,4663.0,0.024233326,0.26999786,0.0,0.0,0.0,Rad,TCGTGGGCAAATGGAT-1,0.1351242752999253,0.4223274645018043,absorbitive-1
TCTACATGTATGTCAC-1,5722,28801.0,0.033644665,0.09076074,0.0,0.0,0.0,Rad,TCTACATGTATGTCAC-1,0.0154985362493542,0.2301606328545881,secretory-2
TCTACCGGTGAAAGTT-1,1994,6483.0,0.011260219,0.20993367,0.9331462,0.9331462,0.9331462,Rad,TCTACCGGTGAAAGTT-1,0.1265139773836174,0.4480426790496185,stem-1
TCTATACTCGGCCTTT-1,5301,55593.0,0.013149138,0.04254133,0.0,0.0,0.0,Rad,TCTATACTCGGCCTTT-1,0.0329487400264049,0.2967089432221534,z_paneth
TCTCCGAGTTCTTGCC-1,5655,35811.0,0.026500238,0.061796654,0.0,0.0,0.0,Rad,TCTCCGAGTTCTTGCC-1,0.0148671144021583,0.2208949083180947,stem-1
TCTGGCTCACTCTAGA-1,6804,63275.0,0.03536942,0.27619123,0.0,0.0,0.0,Rad,TCTGGCTCACTCTAGA-1,0.9362837954193216,0.5032052781919844,stem-2
TCTTAGTAGGGTGAGG-1,6587,95622.0,0.024283115,0.3404133,0.0,0.0,0.0,Rad,TCTTAGTAGGGTGAGG-1,0.7512197922048103,0.6099230681068333,stem-2
TCTTAGTCAAGAGTGC-1,6859,80612.0,0.023681337,0.3071503,0.0,0.0,0.0,Rad,TCTTAGTCAAGAGTGC-1,0.9865679352505596,0.729822620665226,stem-2
TCTTCCTGTTGTGTTG-1,4896,22795.0,0.025926739,0.09361702,0.0,0.0,0.0,Rad,TCTTCCTGTTGTGTTG-1,0.0182538315825727,0.2495687368081873,secretory-2
TCTTGCGGTGGGCTCT-1,4358,49178.0,0.07413884,0.005754606,0.0,0.0,0.0,Rad,TCTTGCGGTGGGCTCT-1,0.0650938522472877,0.0,absorbitive-2
TCTTTGAAGTTTGTCG-1,5378,21933.0,0.012902931,0.1568413,0.3756476,0.3756476,0.3756476,Rad,TCTTTGAAGTTTGTCG-1,0.0176798117214855,0.2658326927747263,secretory-2
TCTTTGACACAACGAG-1,4312,14641.0,0.045352094,0.10279352,0.0,0.0,0.0,Rad,TCTTTGACACAACGAG-1,0.0315136903736869,0.2751178990944347,stem-1
TCTTTGACACTAACGT-1,5656,32394.0,0.06204853,0.19176391,0.0,0.0,0.0,Rad,TCTTTGACACTAACGT-1,0.2246139716434188,0.4241829907563871,stem-2
TGAACGTTCCACGAAT-1,2998,9983.0,0.04497646,0.06831614,0.0,0.0,0.0,Rad,TGAACGTTCCACGAAT-1,0.1321967740083807,0.2642100237551936,absorbitive-2
TGAATCGAGATGCTTC-1,1698,5012.0,0.047685556,0.39046288,0.0,0.0,0.0,Rad,TGAATCGAGATGCTTC-1,0.1308765283278801,0.3370005820914998,stem-1
TGAATGCCAAACGGCA-1,3242,21958.0,0.0008197468,0.030649422,0.0,0.0,0.0,Rad,TGAATGCCAAACGGCA-1,0.1367315309109695,0.4090554047625708,absorbitive-2
TGACAGTGTGGTGATG-1,2554,9275.0,0.08614555,0.062425874,0.0,0.0,0.0,Rad,TGACAGTGTGGTGATG-1,0.1262843694391826,0.2794630315843502,absorbitive-2
TGACGCGTCCGGCAGT-1,5171,20718.0,0.04870161,0.12766676,0.0,0.0,0.0,Rad,TGACGCGTCCGGCAGT-1,0.0205499110269215,0.2200317417424697,secretory-2
TGACTCCTCTTTCTAG-1,3193,23477.0,0.0018741747,0.014567449,0.0,0.0,0.0,Rad,TGACTCCTCTTTCTAG-1,0.1237012800642902,0.2500031139357153,absorbitive-2
TGAGCATAGGGAGTGG-1,6475,77541.0,0.028243123,0.36494243,0.22946598,0.22946598,0.22946598,Rad,TGAGCATAGGGAGTGG-1,0.9924229378336492,0.7516341869399851,stem-1
TGAGCATGTTTGCCGG-1,3360,26405.0,0.016966484,0.0173452,0.0,0.0,0.0,Rad,TGAGCATGTTTGCCGG-1,0.1338614316055335,0.3176018503892815,absorbitive-2
TGAGCGCAGGGTACGT-1,3495,15179.0,0.021674681,0.0908492,0.0,0.0,0.0,Rad,TGAGCGCAGGGTACGT-1,0.0168761839159634,0.3089272881038786,stem-1
TGAGGAGAGACCTCAT-1,6121,91727.0,0.024169547,0.15236518,0.0,0.0,0.0,Rad,TGAGGAGAGACCTCAT-1,0.0415016359566041,0.3018719587837784,z_paneth
TGAGGTTTCGCAGATT-1,3396,19039.0,0.035243448,0.30195913,0.0,0.0,0.0,Rad,TGAGGTTTCGCAGATT-1,0.1363871189943172,0.7371693636637812,stem-2
TGATCAGAGACCCGCT-1,5485,37008.0,0.014321228,0.0625,0.0,0.0,0.0,Rad,TGATCAGAGACCCGCT-1,0.0140060846105275,0.1421568099401264,stem-1
TGATCAGCAGTTCACA-1,5379,44657.0,0.00893477,0.113173746,0.0,0.0,0.0,Rad,TGATCAGCAGTTCACA-1,0.0599850754836117,0.2806177900137475,z_paneth
TGATCAGTCAACACCA-1,5311,26232.0,0.0160491,0.06743672,0.0,0.0,0.0,Rad,TGATCAGTCAACACCA-1,0.0030423052637621,0.1496850755680388,secretory-2
TGATCTTAGAGAGCCT-1,3269,27982.0,0.010185119,0.024837395,0.0,0.0,0.0,Rad,TGATCTTAGAGAGCCT-1,0.0299638367487515,0.1777713813235948,stem-1
TGCAGATGTATCGTGT-1,4720,28147.0,0.035811987,0.27228478,0.0,0.0,0.0,Rad,TGCAGATGTATCGTGT-1,0.4367143103151369,0.536740647311452,stem-2
TGCAGTACAATGGCCC-1,5860,50352.0,0.03556959,0.26165792,0.0,0.0,0.0,Rad,TGCAGTACAATGGCCC-1,0.7072498708455313,0.502527084041647,stem-2
TGCAGTAGTCCTTGTC-1,6467,71473.0,0.021532606,0.23757222,0.0,0.0,0.0,Rad,TGCAGTAGTCCTTGTC-1,0.1204293668560932,0.697377444090293,stem-1
TGCATCCCACCTCGTT-1,2228,6182.0,0.021837592,0.06518926,0.0,0.0,0.0,Rad,TGCATCCCACCTCGTT-1,0.0030997072498708,0.2546110923479742,stem-1
TGCATGAGTCGAGTGA-1,6476,57281.0,0.030673347,0.3126866,0.0,0.0,0.0,Rad,TGCATGAGTCGAGTGA-1,0.940474140405258,0.777090171280183,stem-2
TGCGACGCAGCCCACA-1,5936,58415.0,0.028759737,0.3657622,0.1580194,0.1580194,0.1580194,Rad,TGCGACGCAGCCCACA-1,0.9801963147924918,0.6811837230424118,stem-2
TGCGACGGTCTGTGCG-1,4260,43528.0,0.011486859,0.032783497,0.0,0.0,0.0,Rad,TGCGACGGTCTGTGCG-1,0.0330635439986223,0.2555445120414272,stem-1
TGCTCCAGTCAACCAT-1,6485,60683.0,0.047360875,0.29937544,0.0,0.0,0.0,Rad,TGCTCCAGTCAACCAT-1,0.6380804775845245,0.5384864611610722,stem-2
TGCTCCATCACGGACC-1,2588,9987.0,0.0003003905,0.29117852,0.0,0.0,0.0,Rad,TGCTCCATCACGGACC-1,0.1904023879226221,0.5426254031484371,stem-2
TGCTCGTAGACTGGGT-1,5723,33629.0,0.025037915,0.096523836,0.0,0.0,0.0,Rad,TGCTCGTAGACTGGGT-1,0.0200906951380517,0.3433515803184876,secretory-2
TGCTCGTAGCCAAGTG-1,6201,64155.0,0.028929936,0.33804068,0.0,0.0,0.0,Rad,TGCTCGTAGCCAAGTG-1,0.9985075483611732,0.7407907828596316,stem-2
TGGAGAGAGGAACGAA-1,5336,30312.0,0.030548958,0.090624176,0.0,0.0,0.0,Rad,TGGAGAGAGGAACGAA-1,0.0092991217496125,0.270569131394459,secretory-2
TGGCGTGCAGCTTTCC-1,3733,18756.0,0.070697375,0.027084665,0.0,0.0,0.0,Rad,TGGCGTGCAGCTTTCC-1,0.1417255037024281,0.2677363158375291,absorbitive-2
TGGGAAGCACATGACT-1,4781,22750.0,0.027868131,0.09903297,0.0,0.0,0.0,Rad,TGGGAAGCACATGACT-1,0.0206073130130302,0.2011160834394558,secretory-2
TGGGATTGTATAGCTC-1,4935,19957.0,0.027960114,0.088841006,0.0,0.0,0.0,Rad,TGGGATTGTATAGCTC-1,0.0145801044716147,0.2213291398698391,secretory-2
TGGGCGTGTACGTAGG-1,3378,15006.0,0.024456885,0.14354259,0.0,0.0,0.0,Rad,TGGGCGTGTACGTAGG-1,0.1298432925779232,0.2344317588960359,absorbitive-1
TGGTTAGCAATCCTTT-1,6142,37305.0,0.060018763,0.19268195,0.0,0.0,0.0,Rad,TGGTTAGCAATCCTTT-1,0.1180758854256357,0.3206900612084792,stem-1
TGTACAGTCCATTGCC-1,5385,37996.0,0.047926098,0.35727444,0.0,0.0,0.0,Rad,TGTACAGTCCATTGCC-1,0.8170024682854027,0.7011599810358201,stem-1
TGTCAGACATGAATAG-1,5247,62014.0,0.014786984,0.08172348,0.0,0.0,0.0,Rad,TGTCAGACATGAATAG-1,0.0363354572068193,0.2295827120272471,z_paneth
TGTCCACCATTGCTTT-1,3961,13306.0,0.05140538,0.06455734,0.0,0.0,0.0,Rad,TGTCCACCATTGCTTT-1,0.0035589231387406,0.2371570046264619,stem-1
TGTCCTGAGATCGGTG-1,4945,20370.0,0.03244968,0.14035346,0.0,0.0,0.0,Rad,TGTCCTGAGATCGGTG-1,0.0193444693186384,0.2765077378432614,secretory-2
TGTGATGAGACCACGA-1,6506,62640.0,0.037228607,0.2896871,0.14811169,0.14811169,0.14811169,Rad,TGTGATGAGACCACGA-1,0.9711268009873142,0.6059307431976895,stem-2
TGTTACTAGCCATCCG-1,6893,68346.0,0.017367512,0.26374623,0.0,0.0,0.0,Rad,TGTTACTAGCCATCCG-1,0.5099592445898629,0.5370583868496354,stem-2
TGTTACTGTTCCTAAG-1,5766,49620.0,0.03510681,0.28254735,0.0,0.0,0.0,Rad,TGTTACTGTTCCTAAG-1,0.1853510131450548,0.3759347576866665,stem-1
TGTTCATTCGTGAGAG-1,7310,94885.0,0.028128788,0.2708542,0.0,0.0,0.0,Rad,TGTTCATTCGTGAGAG-1,0.8570690545892888,0.9577253759162768,stem-2
TGTTCTACACTCCTGT-1,5876,37120.0,0.044207975,0.24385776,0.0,0.0,0.0,Rad,TGTTCTACACTCCTGT-1,0.3387865220136616,0.8562897921359639,stem-2
TGTTGAGAGGTCGAGT-1,6303,82323.0,0.016896857,0.26352295,0.0,0.0,0.0,Rad,TGTTGAGAGGTCGAGT-1,0.0874806268296883,0.4609214598509931,stem-1
TGTTGAGCAGTAGATA-1,5311,28171.0,0.021511484,0.05757694,0.0,0.0,0.0,Rad,TGTTGAGCAGTAGATA-1,0.0117100051661787,0.12553913377965,stem-1
TGTTTGTAGCTCACTA-1,5542,24258.0,0.02428065,0.1200841,0.0,0.0,0.0,Rad,TGTTTGTAGCTCACTA-1,0.0181390276103553,0.2707564774488437,secretory-2
TTAATCCTCCTTGAAG-1,6633,83338.0,0.02018287,0.29356357,0.0,0.0,0.0,Rad,TTAATCCTCCTTGAAG-1,0.7760174502037771,0.6202315796688921,stem-2
TTACCATGTCCTCATC-1,6827,63241.0,0.028541612,0.2607644,0.0,0.0,0.0,Rad,TTACCATGTCCTCATC-1,0.9947764192641064,0.7764486378687899,stem-2
TTACCGCAGGTGAGAA-1,6848,82817.0,0.034171727,0.28740475,0.0,0.0,0.0,Rad,TTACCGCAGGTGAGAA-1,0.6674702944721888,0.4758940879555046,stem-2
TTACGTTAGCCGATAG-1,2000,5995.0,0.01117598,0.014678899,0.0,0.0,0.0,Rad,TTACGTTAGCCGATAG-1,0.024740256012858,0.1844572620942968,stem-1
TTACTGTGTAGAGATT-1,3545,19844.0,0.054021366,0.32946986,0.0,0.0,0.0,Rad,TTACTGTGTAGAGATT-1,0.6950806497904828,0.6270818685452552,stem-2
TTAGGCAAGGTCATAA-1,7094,67140.0,0.02344355,0.24258266,0.0,0.0,0.0,Rad,TTAGGCAAGGTCATAA-1,0.1356408931749038,0.824054419906057,stem-1
TTAGGCAGTGCTGATT-1,2174,9262.0,0.012740229,0.018570503,0.0,0.0,0.0,Rad,TTAGGCAGTGCTGATT-1,0.0266919235405545,0.1762161540660778,stem-1
TTAGGCATCAGGTAAA-1,6855,81608.0,0.032999218,0.35203657,0.0,0.0,0.0,Rad,TTAGGCATCAGGTAAA-1,0.4367717123012456,0.4947132630856246,stem-2
TTAGGGTGTTTCTATC-1,1894,7154.0,0.0009784736,0.01873078,0.0,0.0,0.0,Rad,TTAGGGTGTTTCTATC-1,0.1055048504678261,0.2886276566383314,absorbitive-2
TTAGGGTTCCGCGAGT-1,5162,25028.0,0.03256353,0.102085665,0.0,0.0,0.0,Rad,TTAGGGTTCCGCGAGT-1,0.0177372137075942,0.2369652297787934,secretory-2
TTATTGCTCGTGTTCC-1,4045,38736.0,0.015566914,0.04176993,0.0,0.0,0.0,Rad,TTATTGCTCGTGTTCC-1,0.0306526605820561,0.2491763780804811,stem-1
TTCAATCAGGCTATCT-1,1741,4058.0,0.051996056,0.07318876,0.0,0.0,0.0,Rad,TTCAATCAGGCTATCT-1,0.1179610814534182,0.2485148458841603,absorbitive-1
TTCACCGGTTCACCGG-1,3851,20585.0,0.084916204,0.010201603,0.0,0.0,0.0,Rad,TTCACCGGTTCACCGG-1,0.1148613742035474,0.067876378405964,absorbitive-2
TTCACCGTCGGTCGGT-1,4731,29019.0,0.03604535,0.15431269,0.0,0.0,0.0,Rad,TTCACCGTCGGTCGGT-1,0.1478101142299523,0.171537811920781,stem-2
TTCCAATGTCCACACG-1,6169,35328.0,0.024371604,0.10863904,0.0,0.0,0.0,Rad,TTCCAATGTCCACACG-1,0.0224441765685092,0.2089622139513123,secretory-2
TTCTAGTCACGTTCGG-1,5449,26897.0,0.02096888,0.080864035,0.0,0.0,0.0,Rad,TTCTAGTCACGTTCGG-1,0.0190000574019861,0.2875948625942275,secretory-2
TTCTAGTGTGTTACAC-1,5340,28527.0,0.02937568,0.097767025,0.0,0.0,0.0,Rad,TTCTAGTGTGTTACAC-1,0.0195740772630733,0.2968481591446573,stem-1
TTCTCTCAGCACTAAA-1,7044,74282.0,0.04437145,0.22736329,0.0,0.0,0.0,Rad,TTCTCTCAGCACTAAA-1,0.4332701911486137,0.3764067208910033,stem-1
TTCTCTCCAGATTAAG-1,6234,68965.0,0.029000217,0.39182195,0.13540559,0.13540559,0.13540559,Rad,TTCTCTCCAGATTAAG-1,0.9471327707938696,0.7007476996287832,stem-2
TTCTCTCGTCGCACAC-1,4342,16896.0,0.032078598,0.07546165,0.0,0.0,0.0,Rad,TTCTCTCGTCGCACAC-1,0.0147523104299408,0.207523536183327,secretory-2
TTCTTCCCAAGGTCGA-1,6191,55679.0,0.03701575,0.29943067,0.0,0.0,0.0,Rad,TTCTTCCCAAGGTCGA-1,0.7203375236783193,0.8322976083129302,stem-2
TTGAGTGTCTCGCAGG-1,7435,81686.0,0.052052982,0.2941263,0.219007,0.219007,0.219007,Rad,TTGAGTGTCTCGCAGG-1,0.5048504678261868,0.8265219172882038,stem-1
TTGCATTCAAGGTCGA-1,4612,18364.0,0.022217382,0.08391418,0.0,0.0,0.0,Rad,TTGCATTCAAGGTCGA-1,0.0101601515412433,0.2055824324802618,secretory-2
TTGCATTTCCATCTCG-1,4020,38102.0,0.008451,0.016245866,0.0,0.0,0.0,Rad,TTGCATTTCCATCTCG-1,0.0330061420125136,0.0921696032710391,absorbitive-1
TTGTTCAAGAAGGGAT-1,5308,39540.0,0.06110268,0.27202833,0.0,0.0,0.0,Rad,TTGTTCAAGAAGGGAT-1,0.1590035015211526,0.3577205386681401,stem-1
TTGTTCAAGGGTATAT-1,5817,33823.0,0.019809006,0.076575115,0.0,0.0,0.0,Rad,TTGTTCAAGGGTATAT-1,0.018598243499225,0.3169833324678375,secretory-2
TTGTTCACAAGGACAC-1,7089,72752.0,0.051847372,0.27797174,0.0,0.0,0.0,Rad,TTGTTCACAAGGACAC-1,0.961942483209919,0.7959351835593258,stem-2
TTGTTGTAGATTGATG-1,7127,94001.0,0.024712503,0.3120605,0.0,0.0,0.0,Rad,TTGTTGTAGATTGATG-1,0.9994259801389128,0.8092781124718099,stem-2
TTGTTGTCAATCCAGT-1,5380,21985.0,0.02438026,0.10507164,0.0,0.0,0.0,Rad,TTGTTGTCAATCCAGT-1,0.0165891739854198,0.2434472287198607,secretory-2
TTGTTGTCACTCAGAT-1,5604,41571.0,0.04322725,0.28548747,0.0,0.0,0.0,Rad,TTGTTGTCACTCAGAT-1,0.9764077837093164,0.6343075676915696,stem-2
TTTACCACAGGCGATA-1,7322,82861.0,0.037774105,0.30154115,0.21621406,0.21621406,0.21621406,Rad,TTTACCACAGGCGATA-1,0.3066414097927788,0.9096497768727788,stem-2
TTTACGTGTCTGTGAT-1,3499,45359.0,0.009920853,0.0149033265,0.0,0.0,0.0,Rad,TTTACGTGTCTGTGAT-1,0.0311692784570346,0.1419685375779175,z_paneth
TTTACTGGTACAGGTG-1,5244,23777.0,0.016402405,0.07742777,0.0,0.0,0.0,Rad,TTTACTGGTACAGGTG-1,0.0072326502496986,0.2381523542704633,secretory-2
TTTATGCGTTAGGCCC-1,4030,16846.0,0.03027425,0.24700226,0.0,0.0,0.0,Rad,TTTATGCGTTAGGCCC-1,0.0246828540267493,0.3535105611451177,stem-1
TTTCACAAGTCCTGTA-1,7330,81619.0,0.03305603,0.2502236,0.0,0.0,0.0,Rad,TTTCACAAGTCCTGTA-1,0.8888123529074106,0.8129445844806462,stem-2
TTTCATGAGGGACAGG-1,6639,79219.0,0.025498934,0.33865613,0.0,0.0,0.0,Rad,TTTCATGAGGGACAGG-1,0.9867975431949946,0.8066123518455091,stem-2
TTTCCTCCATCTATCT-1,1776,5667.0,0.0063525676,0.08981825,0.0,0.0,0.0,Rad,TTTCCTCCATCTATCT-1,0.0808793984271855,0.193049102049555,absorbitive-2
TTTGACTAGGAAAGTG-1,5751,53704.0,0.054204527,0.2913377,0.0,0.0,0.0,Rad,TTTGACTAGGAAAGTG-1,0.9988519602778256,0.6256487620086661,stem-2
