cell_id,iter_cluster_id_with_paneth,cytotrace,stemness_index,UMAP_1,UMAP_2
AAACCCAAGCGATGCA-1,stem-1,0.0253142758739452,0.1004197509108482,1.7501329,6.270213
AAACGCTGTTCTATCT-1,stem-1,0.3903909075254004,0.6087325522383671,12.424371,7.837253
AAACGCTTCCTAGCGG-1,stem-1,0.0256586877905975,0.2848290763386999,3.0697236,3.8815248
AAAGAACCAACAGCCC-1,stem-1,0.0319729062625566,0.2219790826887327,2.893984,4.1062174
AAAGAACGTATGAGGC-1,stem-1,0.0233626083462487,0.2315427110369802,3.2595172,13.687323
AAAGGGCAGCTGACAG-1,secretory-2,0.0115377992078525,0.1993103212384206,-2.8053682,10.6262455
AAAGGGCCAGTGAGCA-1,z_paneth,0.0387463406233855,0.3031714231118124,0.8587408,5.386326
AAAGGGCGTGTGTTTG-1,stem-1,0.0140634865966362,0.2042066077247546,3.2017195,13.606502
AAAGGGCTCAGTGTTG-1,stem-1,0.4773549164801102,0.4363159647038496,12.35994,8.176589
AAAGGTACAGGCACAA-1,stem-2,0.1460880546466907,0.41319501538718,11.096274,5.743095
AAAGTCCAGACGTCGA-1,secretory-2,0.00022960794443487744,0.2672244209264957,-3.4804502,10.212023
AAATGGACAACACGTT-1,secretory-2,0.0187704494575512,0.1701131563354281,-3.2486317,10.318701
AAATGGACACGAAGAC-1,stem-1,0.1192813271339188,0.3521140750948474,9.808417,11.247358
AACAACCCATGTCAGT-1,secretory-2,0.0179668216520291,0.2511550780647716,-2.8103356,10.577997
AACAAGAAGCATTGAA-1,stem-2,0.1354686872165777,0.2917826578366353,7.7391963,3.2622087
AACAAGATCAAACTGC-1,secretory-2,0.0212387348602261,0.2492297311110822,-3.348279,10.51615
AACAGGGAGCTCACTA-1,secretory-2,0.0227311864990528,0.2420162912583127,-3.1469264,10.507693
AACCATGTCCATCTCG-1,secretory-2,0.010217553527352,0.2352271781808797,-3.4215972,10.304387
AACGAAAGTATCGAAA-1,stem-2,0.9145858446702256,0.6365039126680339,10.2754965,5.98014
AACTTCTAGACCAAAT-1,stem-1,0.030882268526491,0.2706960289971959,3.1069622,4.179608
AAGACAAAGCAGTCTT-1,secretory-2,0.0118822111245049,0.2148542060803428,-3.349735,10.291664
AAGACAATCTGCCTCA-1,absorbitive-2,0.1250789277308995,0.3285772524671932,3.3751624,-4.625976
AAGATAGGTCAAACGG-1,stem-2,0.9020722116985248,0.6768107404631318,12.053325,6.0028553
AAGCCATGTTCCCACT-1,secretory-2,0.0211239308880087,0.2520953991724223,-2.9383972,10.51545
AAGCGTTAGTAGAGTT-1,stem-2,0.9249756041559036,0.709484282440126,9.954838,2.6188936
AAGCGTTCACACCTAA-1,secretory-2,0.0190574593880948,0.2808915527020774,-2.9303687,10.505289
AAGCGTTGTGCAAGAC-1,stem-2,0.9031628494345904,0.7303456552899897,11.196097,6.1444464
AAGGAATAGGGTGGGA-1,stem-1,0.012054417082831,0.1646321965934742,3.2277548,13.519151
AAGGAATCACGGATCC-1,stem-1,0.0160151541243327,0.2123670990636999,3.1847606,13.59446
AAGGTAAAGTAGGCCA-1,stem-2,0.9119453533092244,0.6510970163482891,12.321025,6.940493
AAGTACCCACAAATGA-1,stem-2,0.929452959072384,0.6892940481512535,10.23447,5.202976
AAGTACCTCGATTGAC-1,stem-2,0.1243901038975948,0.3399686217837887,9.857205,5.6257124
AAGTCGTTCTGAGGTT-1,absorbitive-1,0.0284713851099248,0.2384980355537305,5.4216003,1.9371496
AAGTGAAAGGTTGACG-1,secretory-2,0.0124562309855921,0.2475342952886886,-3.3800046,10.194138
AATAGAGGTCCTGAAT-1,stem-2,0.5632282876987543,0.8745711920928309,9.422516,5.541636
AATCGTGTCTCCAAGA-1,stem-2,0.1991274898111474,0.6486842236249158,9.061641,4.81411
AATGACCTCTAGTTCT-1,z_paneth,0.0370816830262327,0.3509511642815026,1.6129925,5.4539013
AATGCCAAGAGCTTTC-1,secretory-2,0.0117674071522874,0.2099770495017786,-3.431577,10.13589
AATGCCAAGCATCAGG-1,stem-1,0.1386831984386659,0.1825622548382092,11.763111,8.114042
AATGCCAGTGGTCCGT-1,stem-2,0.8768153378106882,0.7617144243341939,9.543484,6.679009
AATGGAAAGGAACTAT-1,stem-1,0.0304804546237299,0.1950043689930234,3.4957364,4.2106357
AATTCCTTCGACATTG-1,stem-2,0.8226278629240572,0.8377476442195021,12.516225,4.243135
ACAAAGATCAACTTTC-1,absorbitive-2,0.1303599104529016,0.3018386637883521,1.4775237,-4.376881
ACAAGCTTCTTAGCCC-1,secretory-2,0.0185408415131163,0.2835898683189259,-3.4355698,10.160758
ACACCAAAGGTAAACT-1,stem-2,0.184891797256185,0.3448438191250252,11.91638,5.0661526
ACACGCGAGTCCCTAA-1,absorbitive-2,0.1305895183973365,0.2312066867414974,0.3421621,-3.8802316
ACACGCGTCACACCCT-1,secretory-2,0.0126284369439182,0.186374269778558,-3.4551246,9.98117
ACACGCGTCCGAACGC-1,stem-2,0.301475231042994,0.6136657257699177,11.214746,5.374347
ACACTGAGTTTACGAC-1,absorbitive-2,0.121692210550485,0.2448241140572158,1.5291237,-4.261976
ACATCCCAGCTTCATG-1,z_paneth,0.0403535962344297,0.3650127912352262,1.1085043,3.8656552
ACATCGACACCGTCGA-1,stem-1,0.6938752080821996,0.9568072861432664,7.646668,7.613439
ACATCGAGTTATAGAG-1,stem-2,0.4249469031628494,0.3962166093777581,11.702126,5.6150646
ACATGCAAGGCCCAAA-1,absorbitive-1,0.1546983525629987,0.3317630769906413,8.790692,1.3885756
ACCAACATCTGGCCTT-1,stem-1,0.3510131450548189,0.6905308483611292,6.3273854,5.926423
ACCTGTCCAGACACAG-1,stem-1,0.0299064347626427,0.161641930849474,2.999257,4.2467465
ACGATCATCAGGTAAA-1,secretory-3,0.03271913208197,0.2793784414437981,1.8598422,11.989661
ACGATGTTCCTACACC-1,secretory-2,0.0165317719993111,0.285983933516879,-2.917652,10.631997
ACGGTCGGTCTTCATT-1,z_paneth,0.0347856035818839,0.3180248807610993,2.6265445,3.8019779
ACGTACAGTACATTGC-1,secretory-2,0.0109063773606566,0.2095504512303381,-3.536268,10.259818
ACGTAGTCAGTCTGGC-1,secretory-2,0.0194592732908558,0.2765250025646934,2.966202,13.407566
ACGTTCCGTGACAACG-1,secretory-2,0.0122840250272659,0.2252277117029275,-3.5814779,10.221869
ACTATTCCAGCTACCG-1,secretory-1,0.029447218873773,0.0686226732813847,1.4354846,3.7496016
ACTATTCTCGCTCTCA-1,stem-1,0.166695367659721,0.3590842617798624,10.926694,9.55008
ACTATTCTCTATCGTT-1,stem-2,0.158716491590609,0.3369486344474292,12.304891,5.6751547
ACTATTCTCTGCCCTA-1,z_paneth,0.0385167326789506,0.2918280497271348,3.123304,3.5945704
ACTCCCAAGATCCTAC-1,stem-2,0.2689857069054589,0.6291636550239309,11.674306,6.0176225
ACTGTCCTCCATACTT-1,stem-2,0.1944205269502325,0.4434048839151902,6.752067,2.4808543
ACTTATCCATGTACGT-1,stem-1,0.3462487802077952,0.5845171170171435,11.37453,9.561393
ACTTCCGTCACCTGTC-1,secretory-2,0.0094139257218299,0.1768721944631735,-2.6405344,10.749516
AGAACAATCTTTCCGG-1,stem-1,0.0336375638597095,0.1862505448652838,2.807202,3.431664
AGAACCTTCATCAGTG-1,stem-1,0.1183628953561793,0.4875874160793951,6.817163,7.283909
AGAACCTTCCGTATGA-1,stem-1,0.028413983123816,0.2123060213954252,3.0572422,3.9967084
AGAAGCGGTTCGGCCA-1,absorbitive-2,0.0607887032891338,0.0503626448551499,0.32008272,-3.6504576
AGACAAACAAAGAACT-1,stem-2,0.7392227771080879,0.5369505602013761,11.8988085,6.5498195
AGACAAAGTTCCGCGA-1,stem-2,0.8408242925205212,0.7804240163446257,9.360293,4.6959147
AGACAGGAGAGCAACC-1,secretory-2,0.0187130474714425,0.2326408439975643,-3.3482451,10.364263
AGACAGGCAATACCTG-1,stem-2,0.9989093622639345,0.5429073547213655,12.0058775,6.809357
AGACAGGTCGCCGTGA-1,stem-2,0.9555134607657424,0.7360307304878105,11.008827,6.0950165
AGACCATGTCAACCTA-1,absorbitive-2,0.1231846621893117,0.1144635511863452,-0.17874648,-2.956595
AGACCCGTCTGCATGA-1,stem-1,0.0145227024855059,0.1481964500313739,3.234174,13.753182
AGACTCAGTCAGGTAG-1,absorbitive-2,0.1225532403421158,0.2777300877120636,3.2740915,-4.5546846
AGAGAATGTCCTACAA-1,stem-2,0.7050111933872912,1.0,8.53105,6.0507464
AGAGAGCCAGACCAAG-1,stem-1,0.9664198381263992,0.8597880302547929,7.3076096,5.543959
AGAGCAGTCAATCTTC-1,stem-1,0.0060272085414155,0.2302294239676519,3.085889,13.810411
AGAGCCCCACTTGGCG-1,stem-2,0.9977039205556512,0.436134682725352,12.450022,6.3989806
AGATAGAGTGGGTTGA-1,stem-2,0.9999425980138912,0.684582208038863,10.160367,6.574895
AGATAGATCATGAGAA-1,stem-1,0.0309396705125997,0.0915402692213702,2.8983507,3.899578
AGATCCAGTGTGAGCA-1,secretory-2,0.0099305435968084,0.2369077276892399,-3.6945398,10.256373
AGATGAATCTGGTGCG-1,stem-1,0.0269215314849893,0.1308088463276541,3.2477357,4.2022696
AGCCACGAGCACTTTG-1,stem-1,0.0278973652488376,0.13298794016331,2.9496307,4.1863084
AGCGCCACAAATCGTC-1,stem-2,0.1327707938694678,0.3249777585871938,11.139857,6.238197
AGCGCCAGTAACAGTA-1,stem-2,0.8974800528098272,0.8484851761560518,10.175139,7.5766253
AGCTCAACAATGACCT-1,z_paneth,0.0313988864014694,0.12640369894899,3.596299,3.5623693
AGGACGAGTCTCGCGA-1,stem-2,0.1573388439239997,0.3326260191103257,7.0276575,2.8687453
AGGCATTCACAGTGTT-1,stem-1,0.3985419895528385,0.3821466629786243,11.441426,8.941262
AGGCTGCGTCGTATGT-1,stem-1,0.0280695712071637,0.1704951749928735,3.166799,4.127062
AGGGCCTAGTAGATCA-1,absorbitive-2,0.1175592675506572,0.2422159142344928,2.5249903,-4.7263627
AGGGCTCCACGCAGTC-1,stem-2,0.8789966132828196,0.6392561084992197,10.490644,6.775987
AGGTTACGTTAAGACA-1,stem-2,0.950289880029849,0.8361594592008748,11.912958,4.269701
AGGTTGTTCTTACTGT-1,stem-2,0.9962114689168244,0.4994221700594535,11.854309,7.58003
AGTAACCCAGCACACC-1,stem-2,0.2168647035187417,0.4681668335887608,8.3476925,1.7143528
AGTACCAAGACAGCTG-1,stem-1,0.0620515469835256,0.3735833777871732,3.9661415,13.33624
AGTACTGTCTCCACTG-1,stem-2,0.6178749784742552,0.6991197699251475,11.773226,6.1979275
AGTAGCTAGCGACCCT-1,stem-2,0.966018024223638,0.5110033211724417,11.558654,7.985091
AGTCAACAGACATCCT-1,absorbitive-2,0.0864473910797313,0.0830971550949751,0.65191996,-3.909707
AGTCACAAGAACAAGG-1,stem-2,0.6303312094598473,0.6018837016801986,12.805904,6.0966244
AGTCTCCCACACCAGC-1,absorbitive-2,0.131909764077837,0.3313537246669641,1.311048,-3.9131174
AGTGACTGTCTAATCG-1,stem-1,0.1290970667585098,0.2862575813717447,12.608971,7.9007726
ATACCGACACACTTAG-1,absorbitive-2,0.123529074105964,0.2770710115342847,-0.20190856,-3.642713
ATACCGACATGACGAG-1,stem-2,1.0,0.8095034891691807,10.043788,7.677875
ATACCTTGTGTAAATG-1,stem-2,0.9082142242121576,0.7213044755801392,9.2175455,2.2662709
ATAGACCAGTTGAAAC-1,stem-1,0.0296194248320991,0.2817959974926429,3.1288242,4.6852055
ATAGGCTAGCGACTAG-1,stem-1,0.1232420641754204,0.7287579390810931,6.495674,6.175568
ATAGGCTCACTTGGCG-1,absorbitive-2,0.1229550542448768,0.3282701806431775,1.6713777,-3.5800476
ATCACAGAGACTGGGT-1,secretory-1,0.0311118764709258,0.1118265485466435,-0.6018796,5.9758863
ATCACGAGTCAAGCCC-1,stem-1,0.9871419551116468,0.746913350552251,11.444438,9.001511
ATCAGGTTCTTCCCAG-1,stem-2,0.9297399690029275,0.7252055325917707,8.754086,4.7303824
ATCCCTGAGCAACTCT-1,stem-2,0.0386315366511681,0.1769797314430771,5.526443,1.9710191
ATCCCTGCACATTCGA-1,absorbitive-2,0.1227828482865507,0.3553065252629093,3.38474,-4.5376115
ATCCTATGTACACTCA-1,stem-1,0.0423052637621261,0.2498541709344066,3.7478638,13.695417
ATCGCCTTCACCTCAC-1,z_paneth,0.0352448194707536,0.222664252639093,1.2778364,3.9080255
ATGAGGGGTAGAGACC-1,stem-1,0.2172665174215028,0.3747478580243507,10.820922,9.025565
ATGAGTCGTTCGTGCG-1,stem-2,0.998966764250043,0.6471095923491791,10.4151745,5.791802
ATGATCGCATTCGATG-1,stem-1,0.031284082429252,0.1592014454445658,3.2286289,4.8616877
ATGCATGCATCCAATG-1,absorbitive-1,0.1316801561334022,0.3058606040810379,5.5194573,1.1166567
ATGCCTCCAATGGGTG-1,stem-2,0.776648872050973,0.9946549056974616,8.999051,6.486808
ATGCGATCAAGTGCAG-1,stem-2,0.3244360254864818,0.674976020492757,9.360157,4.4309797
ATGGAGGCATACCGTA-1,stem-2,0.1551001664657597,0.7030787429363727,9.049922,4.8662896
ATGGATCGTGTGTGGA-1,absorbitive-1,0.1495321738132139,0.2791038993904801,6.079504,1.3797318
ATGGGTTCAACGTATC-1,secretory-2,0.0192870673325297,0.2479234667961691,-2.7961597,10.686296
ATGGGTTTCATTGTTC-1,absorbitive-2,0.1172722576201136,0.2074640859575489,0.38736638,-3.6753812
ATGTCCCAGAGTGACC-1,stem-1,0.0137190746799839,0.2362616447384238,3.1828916,13.578986
ATTATCCGTAGGGAGG-1,secretory-2,0.017163193846507,0.1887511969167782,-3.4422474,10.326556
ATTCACTTCTCGGTCT-1,stem-2,0.4592732908558636,0.8472282424398822,9.798572,4.188278
ATTCCATGTCATTCCC-1,secretory-2,0.0008610297916307905,0.2488775830053402,-3.3840203,10.161017
ATTCTACCAGACCCGT-1,stem-1,0.2529131507950175,0.5328095705887429,11.66165,9.375766
ATTGGGTTCAATCAGC-1,z_paneth,0.037827908845646,0.2706688707511158,0.7922701,4.43026
ATTGTTCGTTCCCACT-1,stem-1,0.3577865794156478,0.7027764798957961,9.413488,11.49842
CAAAGAAGTGTCATGT-1,stem-2,0.969117731473509,0.6731920002218982,12.356897,6.813582
CAACAACTCCAAGCAT-1,stem-2,0.8568968486309626,0.8949197361445778,10.6922865,3.6782207
CAACAACTCTCATTGT-1,stem-1,0.1140003444119166,0.6656256277207466,2.9990165,6.8875537
CAACAGTGTCACGTGC-1,stem-2,0.6148326732104931,0.6173506766261245,12.110469,7.0979247
CAACCAAAGGCAGTCA-1,secretory-2,0.0123414270133746,0.2190139331989477,-3.7434387,10.09176
CAACCTCCACTAGGTT-1,stem-2,0.0188852534297686,0.2207783650683344,3.592163,13.417497
CAATCGAGTATTTCGG-1,stem-2,0.673956718902474,0.5181945698369586,9.582698,1.6137034
CAATTTCAGGGTCTTT-1,secretory-2,0.0064290224441765,0.1396786212285,-3.6004534,10.270785
CACAGATTCTGTACAG-1,absorbitive-2,0.0724987084553125,0.212917774065466,0.7115853,-3.8437488
CACAGGCTCGCACGGT-1,stem-1,0.0285287870960335,0.1498620759728687,2.8382223,4.071676
CACCGTTAGAAGTATC-1,stem-1,0.9945468113196716,0.6971438157110431,11.468255,8.8319435
CACTGTCCATAGCTGT-1,absorbitive-1,0.1542391366741289,0.3334346471799286,8.201638,1.196202
CACTTCGTCCCATACC-1,z_paneth,0.0525228172894782,0.3632001937827749,2.3151114,6.517589
CACTTCGTCCCGTGTT-1,stem-2,0.9990815682222604,0.6963478512662581,12.206856,6.518869
CAGAGCCTCGTGGGAA-1,stem-1,0.1008552895930199,0.4194656545213164,7.729558,10.481537
CAGATACAGCCAGAGT-1,stem-1,0.1433327593134722,0.220952013628903,11.739161,8.569905
CAGATACCAATCTAGC-1,stem-2,0.2528557488089087,0.5810508274675649,11.51287,4.8961053
CAGCAGCTCTGCTTTA-1,secretory-2,0.0173928017909419,0.2573252474294637,-3.0162256,10.325771
CAGCGTGGTCACATTG-1,secretory-2,0.0079214740830032,0.1783949105814883,-3.3386543,10.166689
CAGGTATAGTTGCTGT-1,absorbitive-1,0.1310487342862063,0.1878125768562892,8.749902,0.97042894
CAGTGCGCAATTTCGG-1,stem-2,0.2319614258653349,0.6565327442057725,9.839125,2.968256
CAGTTAGCAGGACAGT-1,absorbitive-2,0.1150335801618736,0.2376398429797624,3.3802216,-3.8305306
CAGTTCCAGCCGGAAT-1,stem-2,0.366339475345847,0.7006431224394889,9.824583,3.9633749
CATAAGCAGACCATTC-1,stem-1,0.0257734917628149,0.2789890434476875,2.4428797,6.3303523
CATAAGCCAAATGGAT-1,stem-2,0.858446702255898,0.702669579009681,11.329288,6.4312134
CATACAGGTTCGTAAC-1,stem-2,0.9517249296825672,0.7701402288109587,10.922742,7.5443687
CATACCCTCCTTGACC-1,secretory-2,0.0184834395270076,0.2117002427297298,-3.098853,10.365864
CATAGACCATACACCA-1,stem-1,0.0275529533321852,0.0979212117757274,2.8449209,4.1558075
CATCCACCACTGGATT-1,stem-2,0.9996555880833476,0.6314897992056122,11.017777,5.7438903
CATCCACGTCCTGGTG-1,absorbitive-2,0.1252511336892256,0.3272657743634186,3.2641716,-4.2954183
CATCCGTAGATTAGCA-1,stem-1,0.0398369783594512,0.3025483306978894,2.0636768,5.876342
CATCCGTGTGTCTCCT-1,stem-1,0.110441421273176,0.4903934607902839,7.7266946,10.75278
CATCGGGTCTCCGTGT-1,secretory-2,0.0075770621663509,0.2208140307591606,-3.2996266,10.163588
CATGAGTAGACTGTTC-1,stem-1,0.6427874404454395,0.5577056346799012,11.384547,9.449134
CATGAGTTCGGTCTGG-1,stem-2,0.1836863555479019,0.319761856508209,12.010459,5.733719
CATGCCTAGTATAGGT-1,stem-1,0.775615636301016,0.5234891302082907,11.671706,9.383774
CATGCCTCATCCGTTC-1,stem-1,0.0086102979163079,0.3009623778365012,-2.9608173,10.416439
CATGCCTGTCGCTGCA-1,absorbitive-2,0.1179036794673095,0.2394478033210791,1.3667622,-4.0532193
CATGCGGGTAGGGAGG-1,secretory-2,0.0198610871936169,0.2055105026971158,3.0374327,13.505448
CATGCTCCATCATCTT-1,secretory-2,0.0208369209574651,0.2825844258984717,-3.3020728,10.462672
CATGCTCCATGGCGCT-1,stem-2,0.62527983468228,0.6665346972340612,10.284415,5.877346
CATGGATAGTACCGGA-1,absorbitive-2,0.1217496125365937,0.3478807106622278,3.4309356,-4.4009748
CATGGTAGTCCATAGT-1,secretory-2,0.0226163825268354,0.2630140581538812,-2.931392,10.547571
CATTGTTCAATCGCCG-1,secretory-3,0.0417886458871476,0.3012255150657855,1.893525,12.263013
CATTGTTTCCATCAGA-1,stem-2,0.7437575340106768,0.8374446570466373,9.45122,6.393756
CCAAGCGGTTAAGCAA-1,stem-2,0.8550599850754836,0.5620183880840004,12.321947,6.0873923
CCAATTTAGGTTCCGC-1,z_paneth,0.0324895241375351,0.2833848439584515,0.76426524,5.214583
CCAATTTAGTGGGAAA-1,stem-1,0.5404396992135928,0.736085444345088,5.968616,7.35251
CCACACTAGGGCAGAG-1,secretory-2,0.0123988289994833,0.1484572751929783,-3.302972,10.189569
CCACACTAGTGGACTG-1,stem-2,0.9846162677228631,0.693121080625997,10.251983,6.179117
CCACCATCAGTATGAA-1,z_paneth,0.0332357499569485,0.278321410591911,2.2974892,4.866742
CCACGAGGTGTACAGG-1,stem-2,0.8796854371161242,0.6920273586524913,12.014713,7.0741725
CCACGTTTCGAGCTGC-1,stem-1,0.0119396131106136,0.1808138897829122,2.9941087,13.459998
CCACTTGAGTATGCAA-1,stem-2,0.311922392514781,0.6278839061500789,12.801928,7.0579085
CCATAAGTCTGGACTA-1,stem-1,0.1314505481889673,0.5371499379191234,11.081406,9.9022255
CCATCACAGATGCGAC-1,absorbitive-2,0.0307674645542735,0.0220172201809194,3.3051684,-2.5885425
CCCAACTCACGACGAA-1,secretory-1,0.0460937948453016,0.2605593419730814,0.7966552,3.7295125
CCCAACTGTTTCCCAC-1,stem-2,0.3310946558750933,0.9469162827897598,8.2739315,5.9893203
CCCTCAACATCATCCC-1,stem-1,0.0276677573044027,0.1867395571108521,3.4780147,4.3414316
CCCTCAAGTCAAAGTA-1,stem-2,0.1653177199931117,0.2560893542854729,12.470279,4.8158607
CCCTCTCAGGTCGCCT-1,stem-2,0.4845875667298088,0.4018676116400899,11.971373,4.581636
CCGATCTGTACTAACC-1,stem-1,0.0301360427070776,0.1254321442028536,3.024237,3.7921731
CCGATGGAGGCCACCT-1,secretory-2,0.0156133402215716,0.2541078625783508,3.1643734,13.610165
CCGGACACACGCGGTT-1,stem-1,0.9385798748636704,0.6462463731745228,11.4254675,8.48198
CCGGGTACAGAACTCT-1,absorbitive-1,0.7965673612306986,0.5553560368794502,9.205381,0.24929552
CCGGGTATCATGTCTT-1,stem-1,0.0003444119166523161,0.2207907197996886,-3.3106246,10.287834
CCGTAGGGTTATCTTC-1,absorbitive-2,0.0583778198725675,0.1539584357176783,1.1681104,-4.14595
CCTAACCTCGCGAAGA-1,stem-2,0.7190172779978187,0.4734612766295266,12.61094,5.913342
CCTAAGAAGGTTCAGG-1,stem-2,0.1682452212846564,0.4171318374789186,12.414858,7.0544405
CCTCAACCAGGGCTTC-1,stem-1,0.1452844268411687,0.3897673681932779,11.796434,8.928607
CCTCCTCCAAATCAAG-1,stem-2,0.9748005280982722,0.5971311016612372,10.008236,6.4311743
CCTGCATGTCACTACA-1,absorbitive-2,0.1284082429252052,0.282567564482723,0.9889903,-4.317965
CCTGCATTCCGTCCTA-1,secretory-2,0.0198036852075081,0.2305493755012562,-3.4037352,10.236136
CCTTTGGCATAGCACT-1,absorbitive-2,0.124964123758682,0.2913783714849737,2.0671039,-4.5769706
CGAAGGAAGCTAAGTA-1,stem-1,0.0006888238333046323,0.2475124761492914,3.3738286,13.659051
CGAAGGACAGACAATA-1,absorbitive-2,0.1291544687446185,0.1433923393789643,-0.10129276,-2.8337574
CGAAGTTGTGCCGAAA-1,secretory-2,0.0067160323747201,0.216124534066682,-3.6493993,10.306208
CGACAGCCACCTGCAG-1,secretory-2,0.0150967223465931,0.1896275891535336,-2.9295852,10.437568
CGATGCGCAAGAAACT-1,absorbitive-2,0.1207737787727455,0.2051365503365915,0.27108622,-3.6408556
CGATGCGCAATGCAAA-1,stem-1,0.0204925090408128,0.2547068194107814,3.6900609,13.469436
CGATGCGCAGCTGCCA-1,stem-2,0.9990241662361518,0.8343940890065055,9.521305,6.565709
CGATGGCCACGAAGAC-1,stem-1,0.0158429481660065,0.2081702630088597,3.1917934,13.645104
CGCAGGTCACTGGACC-1,stem-2,0.1599219332988921,0.5260514311520568,8.451548,2.7077966
CGCATAAGTCACTTAG-1,absorbitive-1,0.1439067791745594,0.3914009223057432,4.8958373,1.3911787
CGGAACCGTCACCTTC-1,stem-2,0.2224900981573962,0.4396553321811516,11.8735895,4.7632537
CGGAATTTCGCCTTGT-1,stem-1,0.127834223064118,0.2575984462756971,8.008504,5.602173
CGGCAGTGTGTATTGC-1,stem-1,0.134378049480512,0.4527565295191974,11.34436,9.164556
CGGGCATTCGGTGTTA-1,stem-1,0.0266345215544457,0.1495802743936689,2.6427999,4.195532
CGGGTCAAGAAACTCA-1,z_paneth,0.0315710923597956,0.2853103922293704,1.9007388,5.0381513
CGGGTCAAGTCACGAG-1,secretory-2,0.0095861316801561,0.2147711653076094,-3.413813,10.207971
CGGGTGTGTAGACGGT-1,stem-1,0.1144595603007864,0.5464346572314772,7.636347,7.0628204
CGTCAAACAGGAGACT-1,secretory-2,0.018196429596464,0.2238821856226925,-3.1187565,10.358058
CGTCCATAGGAATTAC-1,secretory-2,0.0222719706101831,0.2163086934639654,-3.3179233,10.347885
CGTGAATGTACAAGTA-1,stem-1,0.0195166752769645,0.2461800530842689,0.6956968,7.0943513
CGTGATACAACGGGTA-1,stem-1,0.5633430916709719,0.5455956573006351,11.440971,9.703935
CGTGATATCAAGTGGG-1,stem-1,0.0985018081625624,0.6649565810753989,2.4031343,7.102727
CGTGCTTGTACACGTT-1,secretory-3,0.0522358073589346,0.3069087854808917,1.6822942,12.225402
CGTGTCTTCGGCCCAA-1,secretory-2,0.0203203030824866,0.2707518423958574,-2.7369802,10.492209
CGTTAGAAGATCCAAA-1,absorbitive-2,0.1273750071752482,0.3395787940071267,3.112759,-4.8082743
CGTTAGAGTCATGACT-1,stem-1,0.0268067275127719,0.1175615394177748,3.1884074,4.458365
CGTTCTGTCTAGGAAA-1,absorbitive-2,0.1256529475919866,0.1123117391762382,-0.15488245,-2.7395253
CGTTGGGAGCAAGCCA-1,secretory-1,0.0267493255266632,0.1554416827814149,2.4936259,4.386091
CTAACTTCAAAGTGTA-1,absorbitive-1,0.5553068136157511,0.5342198731904342,9.841991,-1.7499225
CTAACTTCATCATCCC-1,secretory-2,0.0203777050685953,0.1599015696504467,-3.3306026,9.952297
CTAAGTGTCGTACCTC-1,stem-1,0.1152631881063084,0.6824018829378995,4.4811087,7.124552
CTACAGACAAGACTGG-1,stem-1,0.0269789334710981,0.2418771579584429,-0.6727195,5.8761353
CTACAGAGTAATTGGA-1,stem-1,0.1696228689512657,0.3232091162416344,11.797074,8.8812475
CTACATTTCGACCACG-1,stem-2,0.9614258653349406,0.8133728079437184,10.001537,5.534732
CTACCCAGTCGAGATG-1,stem-2,0.2418919694621434,0.5473513131043118,11.761451,4.6120114
CTACCTGAGTCACACT-1,stem-2,0.2192181849491992,0.7764592326382512,9.494642,4.6164417
CTACTATAGGGCGAAG-1,stem-1,0.0319155042764479,0.1404727853129272,2.5948462,4.11906
CTACTATCACAATCTG-1,stem-2,0.6482406291257677,0.8264647939408856,8.357753,6.9395485
CTAGACATCTCTCGAC-1,secretory-2,0.020033293151943,0.2494388713987236,-3.1520844,10.393136
CTAGGTATCACTCTTA-1,stem-1,0.0357040353596234,0.1793830026202584,1.4860505,3.0928652
CTAGGTATCGTTACCC-1,stem-1,0.0918431777739509,0.3836902407622071,1.4979669,7.3045826
CTATCCGAGCTGACCC-1,stem-2,0.1365019229665346,0.2027279934258249,12.444764,7.197837
CTATCCGGTTCAAGGG-1,absorbitive-2,0.1189369152172665,0.0901598281154871,0.0816425,-2.6366112
CTATCTACAGGAAGTC-1,stem-1,0.026577119568337,0.153018656776215,3.174763,4.523719
CTCAATTCAAGTGGGT-1,absorbitive-1,0.1142299523563515,0.201408739429383,6.7886276,-0.64623815
CTCAATTCAGTGTATC-1,stem-1,0.1208885827449629,0.462763270620197,12.414826,6.3443813
CTCAGAAAGCCAAGTG-1,z_paneth,0.041099822053843,0.3346823071688048,1.995892,6.487217
CTCAGGGTCTTTGCTA-1,absorbitive-1,0.7908271626198267,0.6450472896900644,10.153762,-0.2882227
CTCATGCGTGGTCCCA-1,stem-2,0.7404856208024798,0.8773252425715177,9.256974,6.678006
CTCCCTCAGAAGATCT-1,stem-2,0.5490499971299007,0.5199492936485968,10.247385,-1.0917901
CTCCGATCAGCGACCT-1,stem-1,0.1145169622868951,0.310578386566109,9.598281,11.282363
CTCCGATCATGACGAG-1,stem-2,0.3192698467366971,0.5235161872534527,11.399841,5.8155136
CTCCGATGTACACTCA-1,stem-2,0.6337179266402617,0.463448173906301,8.216186,5.1109214
CTCCTTTTCCCGAACG-1,secretory-2,0.0103897594856782,0.2134872651994863,-3.3186908,10.350966
CTCTCAGAGGATTTGA-1,stem-1,0.104930830606739,0.5259742283236396,4.2661486,5.5047092
CTGAGCGCATTCAGCA-1,stem-2,0.1631364445209804,0.2950470127353152,12.132364,7.03972
CTGAGCGGTGTGACCC-1,z_paneth,0.0332931519430572,0.2302679904538792,1.4503064,5.6660843
CTGAGGCGTCTCTCTG-1,absorbitive-2,0.1282934389529877,0.2440095173657169,1.4590504,-4.2295833
CTGCAGGCAACCAACT-1,stem-2,0.851501061936743,0.8312487200020684,9.960991,3.9101985
CTGCATCCAACGATCT-1,secretory-2,0.0105619654440043,0.2409117429738743,-3.3897545,10.346326
CTGCATCGTCCCTGAG-1,stem-2,0.4130072900522358,0.7011215909785536,8.259049,5.0915504
CTGTACCAGCTGTTCA-1,absorbitive-2,0.1212329946616152,0.1737422166153582,1.2932007,-3.872837
CTGTACCCACCATATG-1,z_paneth,0.0515469835256299,0.4773470932583939,3.3193486,5.1298523
CTGTAGAGTTTGAACC-1,stem-2,0.9997129900694564,0.7170540751430214,10.267077,4.034371
CTGTAGATCAGAGCGA-1,stem-2,0.1400034441191665,0.5951689172910117,8.379356,3.0089853
CTGTATTCACATAACC-1,secretory-2,0.005912404569198,0.1628593049713471,-4.024112,10.333014
CTGTATTCACGGTGAA-1,stem-2,0.2806957120716377,0.6797067933346554,9.2611065,5.0683055
CTGTCGTTCTCGGTCT-1,stem-1,0.1390276103553183,0.5602400704203165,10.791593,9.705874
CTTACCGCAGCATTGT-1,secretory-2,0.0136042707077664,0.1814502105248526,-2.6537907,10.701005
CTTACCGCAGGTGGAT-1,stem-2,0.3411400034441191,0.7444656258730263,8.724829,5.5331573
CTTACCGTCGAGCCAC-1,secretory-2,0.0184260375408989,0.2359063086028694,-3.1435082,10.349939
CTTCAATAGATAGCAT-1,stem-2,0.2113541128523046,0.4631724318765887,12.168001,5.3793406
CTTCGGTGTAGATTAG-1,z_paneth,0.0405258021927558,0.4134987751956516,1.914997,4.8920436
CTTCTCTGTACTGGGA-1,absorbitive-1,0.1823661098674014,0.4358858984499082,8.287984,1.7067479
CTTGATTCAAAGTGTA-1,stem-1,0.0281843751793812,0.2528933173829442,3.3625383,4.300146
GAAACCTCATAGAAAC-1,stem-2,0.1661213477986338,0.5623656441759932,11.744845,5.4513917
GAAATGATCAGCATTG-1,absorbitive-1,0.1614717869238275,0.2870233692400682,7.9983635,1.0079087
GAACGTTAGTCACTCA-1,stem-2,0.287583950404684,0.7279133214284607,9.655911,5.4930854
GAAGGACGTACCTAAC-1,absorbitive-2,0.1233568681476379,0.2501744297252283,3.4111025,-4.9754395
GAATAGAAGTTGTCAC-1,stem-1,0.1222088284254635,0.8588968267409168,5.8636575,7.2975664
GACACGCTCTGTGTGA-1,stem-1,0.1325985879111417,0.1546899974677611,10.81529,9.698394
GACAGCCGTCGTCATA-1,absorbitive-1,0.1727225762011365,0.3413229321786797,8.305869,1.499979
GACCAATCAACCGATT-1,stem-2,0.11474657023133,0.6383488970869122,7.4418526,9.645388
GACCCAGAGGGAGGCA-1,stem-2,0.5949715860168762,0.6629001234117823,9.251655,4.1377287
GACCCAGCAACTTCTT-1,stem-1,0.0314562883875782,0.196563161184451,3.7545373,4.1015525
GACGCTGTCCTACGAA-1,stem-1,0.2110671029217611,0.360980603182456,11.000654,10.275173
GACGTTAGTACAGGTG-1,absorbitive-2,0.1201423569255496,0.2169309445606139,0.92267334,-4.024587
GACGTTAGTTCAGGTT-1,stem-2,0.8705011193387291,0.9221415269582758,9.769165,5.1260753
GACTCAATCCTAGCCT-1,stem-1,0.0322599161931002,0.2518536424611233,3.2561269,3.9003131
GACTCTCAGTAAGACT-1,stem-2,0.4550829458699271,0.6070883870807351,11.44514,6.1677856
GAGAAATAGAGTGTTA-1,stem-2,0.8234314907295792,0.6597485206896206,11.92996,6.020938
GAGAGGTCAGCAAGAC-1,stem-2,0.9998851960277826,0.8200547434284882,9.861373,5.4856544
GAGAGGTGTCGGAAAC-1,stem-1,0.0288731990126858,0.1739152782732853,3.0172687,4.034608
GAGCCTGCAGATACCT-1,secretory-2,0.0207795189713564,0.2490212451092447,-2.6270828,10.677176
GAGCTGCGTAGACTGG-1,stem-2,0.906951380517766,0.7696975297654203,10.249338,7.512294
GAGGGATGTCATCCGG-1,stem-2,0.9997703920555652,0.7887653860702974,10.283535,5.757005
GAGGGATTCAGCAGAG-1,stem-1,0.1406348659663624,0.3037740165912069,11.866734,9.094563
GAGTCATAGAACAGGA-1,z_paneth,0.0343837896791228,0.1581906643110585,2.210239,2.580633
GAGTCATAGCCGCTTG-1,stem-2,0.5895757993226566,0.6270639920693521,12.502812,7.439663
GAGTCATGTATAATGG-1,stem-1,0.1346076574249469,0.2780072203266445,11.926867,8.592119
GAGTCTAAGCAACAGC-1,stem-2,0.1197405430227886,0.5391686851010711,7.7694626,10.657615
GAGTTTGTCGTAGGGA-1,stem-1,0.3388439239997703,0.5539706475457493,11.8085575,8.514529
GATAGAATCAACGCTA-1,stem-2,0.1864990528672292,0.4106864303996584,12.433753,6.3413982
GATAGAATCCGTAGGC-1,secretory-2,0.0220423626657482,0.177772280606365,-3.1851869,10.344418
GATAGCTGTGCCCACA-1,stem-2,0.7990930486194823,0.8496022889997124,12.458696,3.2064238
GATAGCTGTGTGTCGC-1,stem-1,0.1401756500774927,0.3419581748516335,11.121955,9.398765
GATCACATCTCGCTCA-1,stem-2,0.8725101888525343,0.4548698068645672,12.372924,7.2222357
GATCAGTAGCGATCGA-1,secretory-2,0.0197462832213994,0.2730129163335811,-2.7035291,10.530715
GATCAGTAGTCGAATA-1,secretory-2,0.0225589805407267,0.1759441649625395,-3.2786355,10.524761
GATCCCTAGTTCAACC-1,secretory-2,0.0211813328741174,0.2858936487723507,-2.8906841,10.5197
GATCGTAAGGGTAATT-1,absorbitive-2,0.1230698582170943,0.1939349380739913,-0.088078044,-3.0362694
GATGACTAGCTAGAAT-1,absorbitive-2,0.1219218184949199,0.2837817847972328,2.4824922,1.0583797
GATGCTAAGACGGATC-1,stem-1,0.0202054991102692,0.201401844891147,3.354756,13.55855
GATGTTGAGCTAGATA-1,stem-1,0.4363124964123758,0.2932001202871678,12.25814,7.539023
GATTGGTAGTAGCCAG-1,stem-2,0.1428161414384937,0.3163226573490986,11.943171,5.2980633
GCAACATAGGCGAACT-1,secretory-2,0.0151541243327019,0.1801402960647438,-2.7655108,10.642743
GCAACATCACTGTCGG-1,absorbitive-1,0.1530336949658458,0.5396646507911723,4.8012524,-2.9343312
GCAACATGTCGTACAT-1,stem-2,0.9994833821250216,0.7820893238101448,9.7625885,5.328861
GCACGGTGTGTAACGG-1,stem-2,0.7801503932036048,0.5556187918764197,11.94872,6.712796
GCACGGTGTTATTCCT-1,stem-2,0.998564950347282,0.7775200764181679,11.618278,6.454795
GCAGCCATCCCAATAG-1,stem-1,0.1115320590092417,0.2535250682815491,1.2647837,6.3939905
GCAGTTATCGGCAGTC-1,z_paneth,0.0408702141094081,0.1974584275724798,1.982301,4.1793246
GCATCGGAGGTGCAGT-1,stem-1,0.1246771138281384,0.4464825345988123,12.359192,7.7552824
GCATGATAGCACTAGG-1,stem-1,0.0888008725101888,0.433648010796608,2.3197167,6.211794
GCATGATAGGCTTCCG-1,absorbitive-2,0.4079559152746685,0.4595540612759983,4.8784285,-4.111097
GCCAACGTCCGTAATG-1,stem-1,0.410711210607887,0.4463031739431728,11.222036,9.847804
GCCCAGATCCGAAATC-1,absorbitive-1,0.11698524768957,0.2511194864234147,6.3516026,2.448723
GCCCGAAAGACAACTA-1,stem-2,0.4294242580793295,0.7188533273571349,10.3349,7.9633203
GCCTGTTCAGGTAGTG-1,stem-2,0.9981631364445208,0.7218412535116691,11.749539,8.038741
GCCTGTTTCGCCAATA-1,stem-2,0.3533092244991677,0.6213853149062307,11.645508,5.5304327
GCGAGAACATGTTCGA-1,stem-1,0.1196831410366798,0.4299024364004208,11.513194,8.593666
GCGGAAAAGTAGCTCT-1,stem-2,0.999827794041674,0.7549754202893381,11.091896,5.83936
GCGGATCTCGCGTCGA-1,secretory-2,0.0052809827220021,0.2304728813074972,-3.3563282,10.28601
GCTTCACGTGTTTGCA-1,stem-2,0.289822627862924,0.4957492068243443,12.192837,5.893712
GCTTTCGGTTGGTGTT-1,secretory-2,0.0191148613742035,0.2453524503110795,-3.0307622,10.497591
GGACGTCGTGCGGTAA-1,secretory-2,0.0186556454853337,0.2646279580680958,-2.764428,10.625205
GGACGTCTCCATTGCC-1,stem-1,0.9911600941392572,0.4555995118605647,12.213851,8.063764
GGAGAACCAAGATCCT-1,stem-1,0.0731875322886171,0.4012677644891302,2.9128864,5.2959237
GGAGCAACACAGGATG-1,stem-2,0.1459732506744733,0.4434555650531601,9.538977,6.062793
GGCACGTAGAGGGTAA-1,stem-2,0.2649101658917399,0.8712366470709767,8.77674,6.1984844
GGCACGTCAAATACGA-1,stem-1,0.0285861890821422,0.1757861759365978,3.112462,4.6546206
GGCGTCACAACGGCCT-1,absorbitive-2,0.1242752999253774,0.3443578333434209,1.5561817,-4.00914
GGCGTCAGTCATAAAG-1,stem-1,0.0090695138051776,0.3005005320891721,3.220285,13.698647
GGCTTGGAGGTAGTCG-1,secretory-2,0.019631479249182,0.2590649304937648,-2.8497186,10.549498
GGCTTGGTCTCGCCTA-1,stem-2,0.3763848229148728,0.5822773289993011,12.320268,6.889011
GGGACCTAGTACTGTC-1,stem-2,0.8428907640204351,0.8437847258757285,9.327709,5.119784
GGGACCTTCGCCTCTA-1,absorbitive-2,0.0292176109293381,0.1203365395832198,3.4544075,-1.6111151
GGGACTCCACCGGTCA-1,stem-1,0.0279547672349463,0.1469956266977373,3.4238298,4.872681
GGGACTCCACGACAGA-1,stem-1,0.0297342288043166,0.1757242178845699,2.9415064,4.2185254
GGGACTCTCTGTCAGA-1,stem-1,0.0272085414155329,0.1647084302942583,3.3337486,4.135385
GGGATCCTCAGACAAA-1,stem-2,0.1867860627977728,0.7644832071292793,8.736495,4.9774923
GGGATGAAGATTAGAC-1,stem-1,0.1240456919809425,0.5322881617076157,8.959105,7.0796757
GGGCCATGTGAACGGT-1,secretory-2,0.020435107054704,0.2329146108843916,-3.0228872,10.424546
GGGCGTTCAGAAACCG-1,stem-2,0.7609781298432926,0.4900201569916643,11.2954035,6.305927
GGGCTCACATCTCCCA-1,secretory-2,0.0208943229435738,0.272294572574938,-2.7891278,10.470151
GGGTAGAAGGTAGGCT-1,secretory-2,0.0173353998048332,0.2241936362221743,-3.0081935,10.271529
GGGTATTAGCCGGATA-1,absorbitive-1,0.1371907467998392,0.3442819225231804,5.825792,2.4838796
GGGTATTCACCTCTAC-1,stem-1,0.0692841972332242,0.3695471443016123,9.640964,10.613782
GGGTTATAGCCGTCGT-1,absorbitive-2,0.1249067217725733,0.2953530932974241,0.23905309,-3.679476
GGGTTATAGTGGTGAC-1,stem-1,0.1203719648699845,0.2874293118524619,8.860128,10.684528
GGTAACTCATTACTCT-1,absorbitive-2,0.13805177659147,0.4062610240451804,2.9148443,-4.796403
GGTAGAGAGTCCGTCG-1,stem-1,0.0257160897767062,0.273709878462697,3.1873193,13.685598
GGTCACGAGGGCAAGG-1,secretory-2,0.0080936800413294,0.1883984070251858,-3.4503534,10.2943535
GGTCTGGCAAAGAGTT-1,secretory-2,0.0135468687216577,0.2376099584994156,-3.4062862,10.263604
GGTGAAGAGAGCCATG-1,stem-1,0.017794615693703,0.2848628916037133,3.3622093,13.5855665
GGTGAAGGTGAGCTCC-1,stem-2,0.907755008323288,0.6288646704677525,11.266729,6.9870853
GGTGGCTGTTGATGTC-1,stem-1,0.0308248665403822,0.1382299184830906,2.8126786,4.2576776
GGTGGCTTCAGAGCAG-1,stem-2,0.1290396647724011,0.4503573914243432,10.946677,6.72404
GGTGTCGGTTGGACCC-1,stem-1,0.0316284943459043,0.1604955609265673,2.6760948,4.2385755
GGTTAACAGGGCAAGG-1,stem-2,0.6272315022099765,0.8753708292457293,9.028224,5.124801
GTAAGTCCAGCCCACA-1,secretory-2,0.0202629010963779,0.2529758992235963,-3.3974016,10.413181
GTAATGCGTAATACCC-1,stem-2,0.6294701796682165,0.6605057173373716,9.743075,6.149275
GTACAACCATCTCATT-1,secretory-2,0.0105045634578956,0.2366045425517085,-2.920195,10.355931
GTACAGTAGACGCCCT-1,secretory-2,0.0215257447907697,0.2689686859173341,-3.3257418,10.36213
GTAGAGGCAGAGGAAA-1,stem-2,0.9808851386257964,0.7258687199070526,12.226165,1.144375
GTAGATCCAGATCATC-1,secretory-2,0.0213535388324436,0.3049056684043119,-2.8176968,10.558402
GTAGGAGCAGATAAAC-1,secretory-2,0.0142356925549624,0.201184539856931,-3.6538503,10.066386
GTAGTACGTGTTTACG-1,stem-1,0.7040927616095517,0.7832428405207404,9.444673,9.318764
GTCAAACAGGCTTAGG-1,stem-2,0.6743585328052351,0.5389777530707979,12.457748,7.402476
GTCAAACGTTTGCCGG-1,stem-2,0.7013948682624419,0.7990750520909131,10.05732,7.8283114
GTCAAACTCCTATTTG-1,secretory-2,0.0133172607772228,0.2482397938291257,-3.2717512,10.258197
GTCACGGGTTGGAGAC-1,stem-2,0.5377992078525917,0.7203426738154584,10.869076,5.6048594
GTCAGCGAGAGCAGCT-1,secretory-2,0.0115952011939613,0.2386747616051583,-3.10996,10.3321295
GTCAGCGAGTCCCGGT-1,stem-1,0.0340393777624705,0.188954995576726,3.0290482,4.189103
GTCATTTTCATGAAAG-1,secretory-2,0.0210091269157912,0.1802186038886579,-3.0369375,10.500525
GTCATTTTCGTAACCA-1,stem-2,0.4112852304689742,0.5543154989004301,11.551218,5.792601
GTCCACTAGTAGTCCT-1,secretory-2,0.0043051489581539,0.1535456188386661,-3.5184515,10.073934
GTCCACTCATGACTGT-1,stem-2,0.6835428505826302,0.7393912957442739,9.835506,4.0573654
GTCCTCAAGACATACA-1,secretory-2,0.0166465759715286,0.2953885296728704,-2.9471354,10.49401
GTCCTCATCCTTCTGG-1,stem-2,0.2950462085988175,0.5021543593557771,11.413905,5.738429
GTCGCGACAAAGCACG-1,secretory-2,0.0122266230411572,0.1478326988836423,3.074672,13.524345
GTCGCGATCAAGTGTC-1,absorbitive-1,0.786062797772803,0.4935073309505236,8.718979,1.5124439
GTCGTAACAGACCAGA-1,stem-1,0.0268641294988806,0.1043976634177225,2.6881883,4.22138
GTCGTAATCCCGATCT-1,stem-2,0.1353538832443602,0.4089151584990229,8.739186,2.2937407
GTCGTAATCCGCACGA-1,z_paneth,0.034555995637449,0.3363163787467564,1.2136174,5.368419
GTCGTTCTCCACATAG-1,stem-2,0.7785431375925607,0.7906047448719777,10.168127,8.409273
GTCTACCAGCTAAATG-1,stem-1,0.0277251592905114,0.2444561948083883,3.3929355,3.989881
GTCTAGACATGACTGT-1,stem-2,0.9993111761666954,0.7195220948596801,9.651357,5.968113
GTCTAGATCTTACGGA-1,secretory-1,0.0295046208598817,0.1971884191424405,2.3111236,4.1205654
GTGACGCAGCTCGGCT-1,stem-1,0.1520578612019976,0.603584575778598,6.354494,5.859362
GTGACGCCAATCGCAT-1,stem-1,0.1662935537569599,0.3949642639476901,10.239186,9.664803
GTGACGCGTTAGAAGT-1,absorbitive-1,0.1347224613971643,0.3953636826026849,6.164805,2.6680274
GTGAGGAGTGTCTTAG-1,z_paneth,0.0313414844153607,0.2815241440380728,3.3918798,2.7973487
GTGCACGAGGTCCCTG-1,stem-2,0.1642844842431548,0.29148728546538,10.73691,6.9161158
GTGCGTGAGTGGCGAT-1,stem-1,0.0281269731932724,0.131492075204321,3.4766037,4.027493
GTGCGTGTCCGATCGG-1,stem-1,0.0272659434016416,0.0534609193369147,3.254136,4.0377326
GTGGGAAGTAGCCCTG-1,secretory-3,0.0610183112335686,0.2969295815621521,1.6411269,12.292849
GTGGGAATCCACGGGT-1,stem-2,0.9575225302795476,0.7328424674116852,10.746805,6.3076024
GTGGTTACAACCAATC-1,stem-1,0.1142873543424602,0.7949349920908249,6.762386,8.255549
GTGGTTAGTCCCGTGA-1,secretory-2,0.016761379943746,0.2247664939929307,-2.7763107,10.715843
GTGGTTATCGTGGCTG-1,stem-1,0.0293898168876643,0.293147985343193,3.5018806,4.925932
GTGTAACAGTACAACA-1,stem-2,0.885655243671431,0.85965919124835,9.357586,5.631278
GTGTAACAGTCTGCGC-1,stem-2,0.9991389702083692,0.6248589556529804,12.400857,7.3336773
GTGTCCTTCGAAATCC-1,stem-2,0.1442511910912117,0.6208158050260428,8.190804,6.860932
GTGTGGCCAAGATTGA-1,stem-2,0.061764537052982,0.3049534975961747,8.364797,5.9873543
GTGTGGCGTATAGGAT-1,stem-2,0.1370185408415131,0.4144234864268756,12.596209,7.5209618
GTGTTAGAGCTATCCA-1,stem-2,0.2367257907123586,0.6360931547601213,10.520783,4.753645
GTGTTCCTCGGCATTA-1,stem-1,0.1827105217840537,0.3240976304389136,11.104713,9.358001
GTTACAGGTGCCTATA-1,secretory-2,0.0168187819298547,0.2213976867058014,-3.068739,10.327135
GTTACCCTCATGCTAG-1,absorbitive-1,0.1590609035072613,0.4944347544884526,5.1066837,1.6987847
GTTACGACATATGGCT-1,stem-2,0.8299179151598646,0.6831215786126004,11.547198,8.149274
GTTATGGCATGGAAGC-1,stem-1,0.9052293209345044,0.5202525089515023,11.467033,9.029326
GTTCATTCAGCGACAA-1,z_paneth,0.0305378566098387,0.2019040578272561,3.4346254,2.889262
GTTCCGTAGCGTTGTT-1,stem-2,0.9992537741805868,0.707977573074755,10.391167,7.758148
GTTCCGTTCGACTCCT-1,stem-2,0.9730784685150106,0.5631464909991798,12.530559,7.0268955
GTTCCGTTCGCAACAT-1,stem-2,0.3206474944033063,0.6419945032460249,9.75112,3.7252269
GTTCTATGTGTTCCTC-1,stem-2,0.1450548188967338,0.4917410054703927,12.034128,5.7915688
GTTGAACAGGATACAT-1,stem-1,0.0199758911658343,0.2084126709464386,3.3105981,13.730141
GTTGAACCAGATACCT-1,secretory-2,0.0128006429022444,0.2027835959507785,-3.36454,10.2227955
GTTGTAGGTTACCGTA-1,stem-1,0.0274381493599678,0.141184531847657,3.250274,4.361
GTTGTGAGTCATAACC-1,absorbitive-2,0.1262269674530738,0.2836577583051239,-0.033468865,-3.633274
GTTTACTCACGGAAGT-1,secretory-2,0.0178520176798117,0.2017161215035135,-3.0800874,10.552257
GTTTGGACAGTGGTGA-1,absorbitive-2,0.1215774065782676,0.3299223446621162,1.8249216,-4.437727
TAAGCACAGACAGTCG-1,stem-2,0.9942023994030194,0.7936436831048164,9.617351,5.6614246
TAAGCACTCCAAAGGG-1,secretory-2,0.0164169680270937,0.2756731282509974,-2.7761977,10.694862
TAAGCGTCAATCGCAT-1,stem-2,0.9825497962229494,0.7417025732278819,10.925179,3.513991
TAAGCGTCAGTCCCGA-1,absorbitive-2,0.0338671718041444,0.1416439220198073,3.165656,-3.6093996
TAAGTCGCATGCCATA-1,secretory-2,0.0005740198610871936,0.1844827605210847,-3.5556097,10.216783
TAAGTCGTCCCGTGTT-1,secretory-2,0.0131450548188967,0.2340440909186823,-3.0270402,10.354981
TAATCTCCACATTCGA-1,absorbitive-2,0.0653808621778313,0.0511530235805519,0.53551006,-3.5739222
TAATCTCGTAGTGGCA-1,stem-2,0.6948510418460478,0.9519453170562204,9.648408,6.434582
TAATCTCTCTCCCTAG-1,stem-2,0.537110384019287,0.8425138192336427,9.3712435,5.0739307
TAATTCCCAGCTAACT-1,secretory-2,0.0176224097353768,0.2136344358611943,-2.7391443,10.629424
TAATTCCTCAGACCTA-1,absorbitive-2,0.1323115779805981,0.4087916945803901,3.3961427,-4.745926
TACAACGTCCCTTTGG-1,stem-1,0.0159003501521152,0.2187598674863745,3.1431856,13.561186
TACAGGTCAATTGCCA-1,absorbitive-2,0.1384535904942311,0.378210471731818,2.9973953,-4.477473
TACCCACCAGGCTACC-1,stem-2,0.999368578152804,0.8296328894272644,9.553286,5.171658
TACCGAATCTATCGGA-1,stem-2,0.9995981860972388,0.6845783239274882,12.04045,6.5329638
TACCTGCAGTGCAGCA-1,absorbitive-2,0.1251937317031169,0.1935390533368437,-0.1716256,-3.6992223
TACTGCCGTAAGATCA-1,secretory-2,0.0144078985132885,0.2679226199120933,-3.2400062,10.4443035
TACTGCCTCGAGGCAA-1,secretory-2,0.001836863555479,0.2426149163844,-3.4499629,10.165477
TACTTGTAGACCAGAC-1,stem-2,0.1453992308133861,0.4254705605977359,12.209817,4.751209
TACTTGTAGGTTAGTA-1,absorbitive-1,0.1532059009241719,0.2728632530408534,8.394286,1.438455
TAGACTGCAAGCACCC-1,stem-1,0.4631766259112565,0.6920396322351732,7.7246203,11.396999
TAGATCGAGCAGTAAT-1,stem-2,0.182653119797945,0.6280270208760146,8.15477,5.404179
TAGATCGAGTTTGCTG-1,stem-2,0.999196372194478,0.6343675913047877,11.278386,6.029237
TAGATCGTCTGATGGT-1,stem-1,0.1048734286206302,0.3682549233460508,4.0363474,3.8980758
TAGGAGGGTCGACTTA-1,absorbitive-2,0.1154353940646346,0.2984494102882546,2.6744037,-4.4764943
TAGGAGGGTTGCTAGT-1,stem-2,0.8346822800068883,0.9128847733984612,9.023451,6.2937756
TAGGAGGGTTTCACAG-1,secretory-2,0.0201480971241604,0.314936265775404,-2.9165993,10.533812
TAGGTTGAGGACTATA-1,secretory-1,0.0270937374433155,0.2937633018457541,-0.6679514,5.6772194
TAGTGCACAGTTCTAG-1,secretory-2,0.0020090695138051,0.2710436868801606,-3.5933094,10.106077
TATCAGGGTGGCAGAT-1,secretory-2,0.016359566040985,0.2149710996423817,-3.4105859,10.295124
TATCCTATCATCGGGC-1,secretory-2,0.0128580448883531,0.229702840922358,-3.6453044,10.162668
TATCCTATCCCAAGTA-1,stem-2,0.4176568509270421,0.5534107514718988,8.25487,5.223241
TATCTTGAGCGGACAT-1,stem-2,0.1720911543539406,0.5802263533409189,11.937728,6.9690175
TCAAGACAGGGATCGT-1,absorbitive-1,0.1441363871189943,0.3586580855448114,7.490653,0.6777465
TCAAGCATCAACTACG-1,stem-1,0.0439125193731703,0.5505289358945032,1.768218,7.6623993
TCAAGTGGTAACTGCT-1,stem-2,0.9334710980999944,0.7121493187768987,10.358803,5.661151
TCACAAGAGAAGTCTA-1,stem-1,0.6879054015268928,0.5053450912930358,11.413917,9.680905
TCACAAGTCCCAGTGG-1,stem-2,0.1213477986338327,0.5201412995988312,8.936686,4.1627846
TCACGCTAGATTAGTG-1,z_paneth,0.0271511394294242,0.2289414348127552,3.222612,3.8857813
TCAGCAACAACATCGT-1,absorbitive-1,0.2125595545605878,0.5775107656941569,8.109049,-1.1206417
TCAGCAATCCAGTACA-1,secretory-1,0.0304230526376212,0.1560652821346766,2.3948739,4.2744064
TCAGGGCAGGGACCAT-1,absorbitive-2,0.1126226967453074,0.2048469212929215,-0.010796021,-3.563441
TCAGGTAAGCCGGAAT-1,stem-2,0.1483841340910395,0.5043921235242206,10.944364,6.3539963
TCAGGTAAGGAGAGTA-1,stem-1,0.0283565811377073,0.1311474714088717,3.1436255,4.1568594
TCAGGTATCCAACCGG-1,secretory-2,0.0143504965271798,0.2448470215043748,-3.387125,10.329414
TCAGGTATCCTGTAAG-1,stem-2,0.1280638310085529,0.3616760096188648,11.229538,6.014666
TCAGTTTCAAAGAGTT-1,stem-2,0.7241260547614947,0.6832661434385475,9.250612,4.107689
TCAGTTTGTGGATACG-1,stem-2,0.9987371563056082,0.7969051779751407,8.515121,6.079394
TCATACTAGTAGTCCT-1,stem-1,0.00011480397221743872,0.3706381505439071,11.240467,9.754575
TCATACTGTTATGACC-1,stem-2,0.6997302106652891,0.7020028614532636,8.296739,7.119103
TCATCATTCGAGCACC-1,stem-2,0.587853739739395,0.6414329617236106,12.002016,6.050888
TCATTCATCCAACCGG-1,absorbitive-2,0.1581424717295218,0.4505456032780321,4.5403175,-3.579126
TCATTGTTCGACGCTG-1,absorbitive-1,0.1635956604098501,0.273586252415228,7.010864,1.3473668
TCCACGTCAGCAGTAG-1,stem-2,0.8738878365191436,0.820878153060158,9.730489,5.4034543
TCCACGTCATATTCGG-1,stem-1,0.0282991791515986,0.1388279095356183,3.6017792,4.313718
TCCAGAATCCGATGCG-1,absorbitive-2,0.0335801618736008,0.0439706645772649,2.3258278,-4.055488
TCCCACAAGCCTCACG-1,stem-1,0.027610355318294,0.2189421111832775,3.1805017,4.3973904
TCCCATGCATGGACAG-1,stem-1,0.1494747718271052,0.4350121331579452,12.029363,8.800447
TCCGATCCACATTCGA-1,absorbitive-2,0.1346650594110556,0.1839390201927068,1.9533788,-4.095357
TCCGATCGTCGAAGCA-1,absorbitive-1,0.1095229894954365,0.2833353765605157,5.624964,2.7186244
TCCGATCGTCTTGCGG-1,secretory-2,0.0149819183743757,0.266386603157034,-2.7738802,10.646077
TCCTAATCAGGCCTGT-1,absorbitive-2,0.1195109350783537,0.3241699435446614,1.0730169,-3.786973
TCCTCGAGTTCGAACT-1,secretory-2,0.0051661787497847,0.185278051820727,-3.5119307,10.309832
TCCTCGATCGTAACTG-1,stem-1,0.0296768268182079,0.2909792543825433,3.4354763,4.718549
TCCTTCTTCCCGATCT-1,secretory-2,0.0082658859996555,0.2409229952069704,-3.6380308,10.2178545
TCCTTTCAGATAACAC-1,absorbitive-2,0.1243327019114861,0.3554077675262738,3.4144874,-4.8545275
TCCTTTCAGTGGTTGG-1,stem-2,0.640835772917743,0.9736473518265676,9.197406,5.144844
TCCTTTCGTATTGGCT-1,stem-2,0.9757763618621204,0.498383042767071,11.951926,7.6712766
TCGCACTCAACTCATG-1,secretory-2,0.0206647149991389,0.2009282217608531,-3.2381573,10.418119
TCGCACTGTTTGAACC-1,secretory-2,0.0216979507490959,0.2448206848147809,-2.776819,10.554893
TCGCTTGAGCGTCAAG-1,absorbitive-2,0.124562309855921,0.2392354941151512,-0.31049,-3.720524
TCGCTTGTCTTTGCGC-1,stem-2,0.9866253372366685,0.6454796309771391,12.193878,7.7000885
TCGGATAAGATTCGAA-1,stem-2,0.1735262040066586,0.5167049129442545,12.522723,5.752733
TCGGGACAGACAGCTG-1,stem-1,0.0152115263188106,0.207285145713333,3.6640985,13.595929
TCGTAGATCTTGCGCT-1,absorbitive-2,0.1300154985362493,0.3320064007512644,1.8779833,-4.2641053
TCGTCCACAAGTATCC-1,stem-2,0.1406922679524711,0.3314491618127772,8.207007,2.9323483
TCGTCCATCTGAGCAT-1,stem-2,0.452040640606165,0.4976230752033991,12.133406,5.30598
TCGTGCTAGCAGTAAT-1,absorbitive-1,0.1411514838413409,0.4465028559626485,7.3731885,2.4563668
TCGTGCTCACTAACGT-1,secretory-2,0.0210665289019,0.2473971800660858,-3.235002,10.445005
TCGTGGGCAAATGGAT-1,absorbitive-1,0.1351242752999253,0.4223274645018043,6.7479277,-1.1649729
TCTACATGTATGTCAC-1,secretory-2,0.0154985362493542,0.2301606328545881,-3.084164,10.500934
TCTACCGGTGAAAGTT-1,stem-1,0.1265139773836174,0.4480426790496185,11.547928,10.417708
TCTATACTCGGCCTTT-1,z_paneth,0.0329487400264049,0.2967089432221534,2.0238643,4.226347
TCTCCGAGTTCTTGCC-1,stem-1,0.0148671144021583,0.2208949083180947,3.2049527,13.603519
TCTGGCTCACTCTAGA-1,stem-2,0.9362837954193216,0.5032052781919844,11.707031,6.770922
TCTTAGTAGGGTGAGG-1,stem-2,0.7512197922048103,0.6099230681068333,11.813793,6.152141
TCTTAGTCAAGAGTGC-1,stem-2,0.9865679352505596,0.729822620665226,10.2047,5.8862934
TCTTCCTGTTGTGTTG-1,secretory-2,0.0182538315825727,0.2495687368081873,3.040319,13.542246
TCTTGCGGTGGGCTCT-1,absorbitive-2,0.0650938522472877,0.0,1.2076977,-4.152598
TCTTTGAAGTTTGTCG-1,secretory-2,0.0176798117214855,0.2658326927747263,-3.4639382,10.013187
TCTTTGACACAACGAG-1,stem-1,0.0315136903736869,0.2751178990944347,3.3234665,13.665179
TCTTTGACACTAACGT-1,stem-2,0.2246139716434188,0.4241829907563871,12.205707,7.304637
TGAACGTTCCACGAAT-1,absorbitive-2,0.1321967740083807,0.2642100237551936,4.519201,1.5775493
TGAATCGAGATGCTTC-1,stem-1,0.1308765283278801,0.3370005820914998,12.265475,8.787127
TGAATGCCAAACGGCA-1,absorbitive-2,0.1367315309109695,0.4090554047625708,3.4175067,-4.769318
TGACAGTGTGGTGATG-1,absorbitive-2,0.1262843694391826,0.2794630315843502,1.7624481,-3.8331995
TGACGCGTCCGGCAGT-1,secretory-2,0.0205499110269215,0.2200317417424697,-3.2688942,10.429874
TGACTCCTCTTTCTAG-1,absorbitive-2,0.1237012800642902,0.2500031139357153,0.36266315,-3.9527843
TGAGCATAGGGAGTGG-1,stem-1,0.9924229378336492,0.7516341869399851,10.137849,9.085322
TGAGCATGTTTGCCGG-1,absorbitive-2,0.1338614316055335,0.3176018503892815,1.2901917,-4.178787
TGAGCGCAGGGTACGT-1,stem-1,0.0168761839159634,0.3089272881038786,3.4870133,13.452816
TGAGGAGAGACCTCAT-1,z_paneth,0.0415016359566041,0.3018719587837784,1.4400134,5.33366
TGAGGTTTCGCAGATT-1,stem-2,0.1363871189943172,0.7371693636637812,10.026437,6.590171
TGATCAGAGACCCGCT-1,stem-1,0.0140060846105275,0.1421568099401264,3.2766902,13.570628
TGATCAGCAGTTCACA-1,z_paneth,0.0599850754836117,0.2806177900137475,3.0271733,3.5805364
TGATCAGTCAACACCA-1,secretory-2,0.0030423052637621,0.1496850755680388,-3.4029465,10.232118
TGATCTTAGAGAGCCT-1,stem-1,0.0299638367487515,0.1777713813235948,3.0877502,3.8324742
TGCAGATGTATCGTGT-1,stem-2,0.4367143103151369,0.536740647311452,9.449988,6.187237
TGCAGTACAATGGCCC-1,stem-2,0.7072498708455313,0.502527084041647,11.924388,6.2847395
TGCAGTAGTCCTTGTC-1,stem-1,0.1204293668560932,0.697377444090293,5.6728377,5.361732
TGCATCCCACCTCGTT-1,stem-1,0.0030997072498708,0.2546110923479742,3.1917534,13.693412
TGCATGAGTCGAGTGA-1,stem-2,0.940474140405258,0.777090171280183,8.912112,5.468181
TGCGACGCAGCCCACA-1,stem-2,0.9801963147924918,0.6811837230424118,10.130042,5.974521
TGCGACGGTCTGTGCG-1,stem-1,0.0330635439986223,0.2555445120414272,3.23134,4.667648
TGCTCCAGTCAACCAT-1,stem-2,0.6380804775845245,0.5384864611610722,12.370578,5.8853564
TGCTCCATCACGGACC-1,stem-2,0.1904023879226221,0.5426254031484371,12.582458,7.704168
TGCTCGTAGACTGGGT-1,secretory-2,0.0200906951380517,0.3433515803184876,-2.8083649,10.625374
TGCTCGTAGCCAAGTG-1,stem-2,0.9985075483611732,0.7407907828596316,10.263467,5.9220963
TGGAGAGAGGAACGAA-1,secretory-2,0.0092991217496125,0.270569131394459,-3.6537495,10.197281
TGGCGTGCAGCTTTCC-1,absorbitive-2,0.1417255037024281,0.2677363158375291,-0.015500171,-3.5849316
TGGGAAGCACATGACT-1,secretory-2,0.0206073130130302,0.2011160834394558,-2.711763,10.605851
TGGGATTGTATAGCTC-1,secretory-2,0.0145801044716147,0.2213291398698391,-2.7491353,10.61806
TGGGCGTGTACGTAGG-1,absorbitive-1,0.1298432925779232,0.2344317588960359,5.589623,1.2836871
TGGTTAGCAATCCTTT-1,stem-1,0.1180758854256357,0.3206900612084792,7.4670134,11.016365
TGTACAGTCCATTGCC-1,stem-1,0.8170024682854027,0.7011599810358201,10.148659,8.897331
TGTCAGACATGAATAG-1,z_paneth,0.0363354572068193,0.2295827120272471,0.63014233,4.4288073
TGTCCACCATTGCTTT-1,stem-1,0.0035589231387406,0.2371570046264619,3.2224782,13.707321
TGTCCTGAGATCGGTG-1,secretory-2,0.0193444693186384,0.2765077378432614,-3.2186341,10.370255
TGTGATGAGACCACGA-1,stem-2,0.9711268009873142,0.6059307431976895,11.567424,5.9404845
TGTTACTAGCCATCCG-1,stem-2,0.5099592445898629,0.5370583868496354,11.569926,6.006194
TGTTACTGTTCCTAAG-1,stem-1,0.1853510131450548,0.3759347576866665,12.300241,8.03427
TGTTCATTCGTGAGAG-1,stem-2,0.8570690545892888,0.9577253759162768,9.080121,6.4224668
TGTTCTACACTCCTGT-1,stem-2,0.3387865220136616,0.8562897921359639,8.828743,5.9640145
TGTTGAGAGGTCGAGT-1,stem-1,0.0874806268296883,0.4609214598509931,3.3539922,4.856083
TGTTGAGCAGTAGATA-1,stem-1,0.0117100051661787,0.12553913377965,3.0133014,13.52654
TGTTTGTAGCTCACTA-1,secretory-2,0.0181390276103553,0.2707564774488437,-3.3397264,10.268604
TTAATCCTCCTTGAAG-1,stem-2,0.7760174502037771,0.6202315796688921,12.669318,5.6323676
TTACCATGTCCTCATC-1,stem-2,0.9947764192641064,0.7764486378687899,10.094131,5.3024764
TTACCGCAGGTGAGAA-1,stem-2,0.6674702944721888,0.4758940879555046,11.393569,6.256541
TTACGTTAGCCGATAG-1,stem-1,0.024740256012858,0.1844572620942968,3.5248964,3.9885619
TTACTGTGTAGAGATT-1,stem-2,0.6950806497904828,0.6270818685452552,12.541442,6.4075336
TTAGGCAAGGTCATAA-1,stem-1,0.1356408931749038,0.824054419906057,5.888658,7.853037
TTAGGCAGTGCTGATT-1,stem-1,0.0266919235405545,0.1762161540660778,2.8917053,3.9546504
TTAGGCATCAGGTAAA-1,stem-2,0.4367717123012456,0.4947132630856246,11.693903,6.4654408
TTAGGGTGTTTCTATC-1,absorbitive-2,0.1055048504678261,0.2886276566383314,2.6559596,-4.6316504
TTAGGGTTCCGCGAGT-1,secretory-2,0.0177372137075942,0.2369652297787934,-3.0574293,10.456625
TTATTGCTCGTGTTCC-1,stem-1,0.0306526605820561,0.2491763780804811,3.4054544,3.949883
TTCAATCAGGCTATCT-1,absorbitive-1,0.1179610814534182,0.2485148458841603,5.511697,1.14602
TTCACCGGTTCACCGG-1,absorbitive-2,0.1148613742035474,0.067876378405964,-0.14443716,-2.9280336
TTCACCGTCGGTCGGT-1,stem-2,0.1478101142299523,0.171537811920781,11.468105,6.9431643
TTCCAATGTCCACACG-1,secretory-2,0.0224441765685092,0.2089622139513123,-3.3461797,10.426647
TTCTAGTCACGTTCGG-1,secretory-2,0.0190000574019861,0.2875948625942275,-2.9066863,10.66197
TTCTAGTGTGTTACAC-1,stem-1,0.0195740772630733,0.2968481591446573,3.1784897,13.642561
TTCTCTCAGCACTAAA-1,stem-1,0.4332701911486137,0.3764067208910033,11.106847,8.613101
TTCTCTCCAGATTAAG-1,stem-2,0.9471327707938696,0.7007476996287832,12.226449,7.1554127
TTCTCTCGTCGCACAC-1,secretory-2,0.0147523104299408,0.207523536183327,-2.9437578,10.51463
TTCTTCCCAAGGTCGA-1,stem-2,0.7203375236783193,0.8322976083129302,9.408527,4.8748446
TTGAGTGTCTCGCAGG-1,stem-1,0.5048504678261868,0.8265219172882038,7.7886577,5.5139174
TTGCATTCAAGGTCGA-1,secretory-2,0.0101601515412433,0.2055824324802618,-3.4832413,10.216752
TTGCATTTCCATCTCG-1,absorbitive-1,0.0330061420125136,0.0921696032710391,1.3533572,2.3760314
TTGTTCAAGAAGGGAT-1,stem-1,0.1590035015211526,0.3577205386681401,11.807976,8.58748
TTGTTCAAGGGTATAT-1,secretory-2,0.018598243499225,0.3169833324678375,3.0546026,13.513553
TTGTTCACAAGGACAC-1,stem-2,0.961942483209919,0.7959351835593258,10.320845,3.4027197
TTGTTGTAGATTGATG-1,stem-2,0.9994259801389128,0.8092781124718099,11.470835,6.7053022
TTGTTGTCAATCCAGT-1,secretory-2,0.0165891739854198,0.2434472287198607,-3.1061296,10.365675
TTGTTGTCACTCAGAT-1,stem-2,0.9764077837093164,0.6343075676915696,10.099941,6.321915
TTTACCACAGGCGATA-1,stem-2,0.3066414097927788,0.9096497768727788,8.563827,7.0097675
TTTACGTGTCTGTGAT-1,z_paneth,0.0311692784570346,0.1419685375779175,2.6506727,4.09014
TTTACTGGTACAGGTG-1,secretory-2,0.0072326502496986,0.2381523542704633,-3.215743,10.470646
TTTATGCGTTAGGCCC-1,stem-1,0.0246828540267493,0.3535105611451177,7.636486,10.539783
TTTCACAAGTCCTGTA-1,stem-2,0.8888123529074106,0.8129445844806462,10.678691,3.4774668
TTTCATGAGGGACAGG-1,stem-2,0.9867975431949946,0.8066123518455091,10.179422,6.1078935
TTTCCTCCATCTATCT-1,absorbitive-2,0.0808793984271855,0.193049102049555,3.348332,-4.019712
TTTGACTAGGAAAGTG-1,stem-2,0.9988519602778256,0.6256487620086661,11.714048,6.4910216
